model,category,k,seed,strategy,n_train,n_eval,n_eval_good,n_eval_defective,accuracy,balanced_accuracy,precision,recall,f1,auroc,confusion_matrix,final_train_loss,first_train_loss,epoch_losses,lora_rank,lora_alpha,lora_target_modules,lora_lr,lora_epochs
clip,bottle,1,42,naive,2,81,19,62,0.4567901234567901,0.6451612903225806,1.0,0.2903225806451613,0.45,0.9949066213921902,"[[19, 0], [44, 18]]",0.08464395999908447,1.5795745849609375,"[1.5795745849609375, 1.4054135084152222, 1.2201786041259766, 1.0222972631454468, 0.8133369088172913, 0.6408854126930237, 0.472377747297287, 0.3663029372692108, 0.3099135160446167, 0.2809543013572693, 0.27620014548301697, 0.2763376235961914, 0.25593334436416626, 0.2453223466873169, 0.20361939072608948, 0.1679425984621048, 0.14480572938919067, 0.11639135330915451, 0.10262051224708557, 0.08464395999908447]",8,16,"q_proj,v_proj",0.0001,20
clip,bottle,1,123,naive,2,81,19,62,0.5925925925925926,0.7338709677419355,1.0,0.46774193548387094,0.6373626373626373,0.9974533106960951,"[[19, 0], [33, 29]]",0.09225328266620636,1.5439448356628418,"[1.5439448356628418, 1.3715922832489014, 1.1831800937652588, 0.9785573482513428, 0.7828211784362793, 0.5848756432533264, 0.42851394414901733, 0.35843706130981445, 0.3044753670692444, 0.3120761513710022, 0.3013603985309601, 0.31007200479507446, 0.303422212600708, 0.2339761108160019, 0.22909769415855408, 0.16428028047084808, 0.14587527513504028, 0.12060640752315521, 0.10341361165046692, 0.09225328266620636]",8,16,"q_proj,v_proj",0.0001,20
clip,bottle,1,456,naive,2,81,19,62,0.7901234567901234,0.5526315789473684,0.7848101265822784,1.0,0.8794326241134752,0.9388794567062818,"[[2, 17], [0, 62]]",0.3299756348133087,1.6323364973068237,"[1.6323364973068237, 1.481440782546997, 1.3094168901443481, 1.1659592390060425, 0.9604452848434448, 0.7922192215919495, 0.6718164682388306, 0.6432743072509766, 0.6013070344924927, 0.5671184659004211, 0.5852575302124023, 0.6110917329788208, 0.6187087297439575, 0.6024723052978516, 0.529610276222229, 0.5002834796905518, 0.43346092104911804, 0.3773183822631836, 0.3528062701225281, 0.3299756348133087]",8,16,"q_proj,v_proj",0.0001,20
clip,bottle,5,42,naive,10,73,15,58,0.7945205479452054,0.8706896551724138,1.0,0.7413793103448276,0.8514851485148515,0.9885057471264369,"[[15, 0], [15, 43]]",0.13956039026379585,1.4826928973197937,"[1.4826928973197937, 1.5791272222995758, 0.8570774793624878, 0.594317615032196, 0.34255464375019073, 0.34010402858257294, 0.37085698544979095, 0.8405835330486298, 0.5626617819070816, 0.3099195882678032, 0.26217545941472054, 0.23793429136276245, 0.3383433669805527, 0.17727111279964447, 0.22814534604549408, 0.2781330645084381, 0.3125915378332138, 0.23651540279388428, 0.19803129136562347, 0.13956039026379585]",8,16,"q_proj,v_proj",0.0001,20
clip,bottle,5,123,naive,10,73,15,58,0.6438356164383562,0.7758620689655172,1.0,0.5517241379310345,0.7111111111111111,0.9931034482758622,"[[15, 0], [26, 32]]",0.08068307302892208,1.852529764175415,"[1.852529764175415, 1.1821088790893555, 0.7238892763853073, 0.5726881325244904, 0.38439300656318665, 0.5061670243740082, 0.3757707178592682, 0.363765113055706, 0.4240783005952835, 0.25702810287475586, 0.24524089694023132, 0.2086857557296753, 0.23047585785388947, 0.1940830498933792, 0.14830119162797928, 0.17497383803129196, 0.1319742202758789, 0.13216131180524826, 0.11300200968980789, 0.08068307302892208]",8,16,"q_proj,v_proj",0.0001,20
clip,bottle,5,456,naive,10,73,15,58,0.7808219178082192,0.8620689655172413,1.0,0.7241379310344828,0.84,0.9919540229885058,"[[15, 0], [16, 42]]",0.23509226739406586,1.6069327592849731,"[1.6069327592849731, 1.231705904006958, 0.9982723593711853, 0.5496661812067032, 0.6254523694515228, 0.6112613677978516, 0.54392209649086, 0.5092038363218307, 0.41243475675582886, 0.5021199882030487, 0.4961386024951935, 0.40048451721668243, 0.3866007924079895, 0.3715112954378128, 0.31654903292655945, 0.3008884787559509, 0.29103511571884155, 0.2676314264535904, 0.39250878244638443, 0.23509226739406586]",8,16,"q_proj,v_proj",0.0001,20
clip,bottle,10,42,naive,20,63,10,53,0.873015873015873,0.9245283018867925,1.0,0.8490566037735849,0.9183673469387755,0.9943396226415093,"[[10, 0], [8, 45]]",0.06432105600833893,1.4798300663630168,"[1.4798300663630168, 0.9251906871795654, 0.5149912238121033, 0.4342902600765228, 0.5422673523426056, 0.5398525098959605, 0.4280620714028676, 0.33286787072817486, 0.3050979971885681, 0.3035624921321869, 0.2787599166234334, 0.26342757046222687, 0.23092485964298248, 0.1850984295209249, 0.16111029436190924, 0.1612466722726822, 0.11030800143877666, 0.097573588291804, 0.07924274106820424, 0.06432105600833893]",8,16,"q_proj,v_proj",0.0001,20
clip,bottle,10,123,naive,20,63,10,53,0.8095238095238095,0.8867924528301887,1.0,0.7735849056603774,0.8723404255319149,1.0,"[[10, 0], [12, 41]]",0.13130246351162592,1.2378713637590408,"[1.2378713637590408, 0.8961874743302664, 0.5774789353211721, 0.42076295614242554, 0.5604192018508911, 0.5157407224178314, 0.4344273507595062, 0.3421477476755778, 0.3694215416908264, 0.3397115667661031, 0.31124718983968097, 0.2970833480358124, 0.2553589840730031, 0.26702800393104553, 0.22353320320447287, 0.19574348628520966, 0.2010171264410019, 0.1466490924358368, 0.11796459555625916, 0.13130246351162592]",8,16,"q_proj,v_proj",0.0001,20
clip,bottle,10,456,naive,20,63,10,53,0.9206349206349206,0.9528301886792453,1.0,0.9056603773584906,0.9504950495049505,0.9962264150943396,"[[10, 0], [5, 48]]",0.10706926758090655,1.536470651626587,"[1.536470651626587, 1.0168315172195435, 0.5317598680655161, 0.4537122845649719, 0.6370485027631124, 0.5413454473018646, 0.4647963047027588, 0.4049205581347148, 0.35453877846399945, 0.34452513853708905, 0.3346266746520996, 0.27726460496584576, 0.26198498407999676, 0.23744255801041922, 0.2215533753236135, 0.19190447280804315, 0.196868767340978, 0.15697543571392694, 0.11493384838104248, 0.10706926758090655]",8,16,"q_proj,v_proj",0.0001,20
clip,cable,1,42,naive,2,148,57,91,0.6418918918918919,0.5744168112589165,0.6583333333333333,0.8681318681318682,0.7488151658767772,0.6550992866782341,"[[16, 41], [12, 79]]",0.04356233775615692,1.0628823041915894,"[1.0628823041915894, 0.9083009362220764, 0.7576075196266174, 0.6180605888366699, 0.4944426417350769, 0.41888636350631714, 0.3436862528324127, 0.30730190873146057, 0.29047659039497375, 0.2582998275756836, 0.22188511490821838, 0.18693916499614716, 0.14917774498462677, 0.12416286021471024, 0.10226532816886902, 0.08077023923397064, 0.06915216892957687, 0.058977097272872925, 0.05235133320093155, 0.04356233775615692]",8,16,"q_proj,v_proj",0.0001,20
clip,cable,1,123,naive,2,148,57,91,0.5202702702702703,0.5902255639097744,0.8125,0.2857142857142857,0.42276422764227645,0.6709080393290919,"[[51, 6], [65, 26]]",0.06787053495645523,1.3303027153015137,"[1.3303027153015137, 1.1464405059814453, 0.9548469185829163, 0.7693718075752258, 0.605961263179779, 0.44303667545318604, 0.33068162202835083, 0.2674434185028076, 0.21639180183410645, 0.2150385081768036, 0.19670739769935608, 0.19987617433071136, 0.19362086057662964, 0.1533524990081787, 0.15137343108654022, 0.11161795258522034, 0.10538136959075928, 0.08946704864501953, 0.07529199123382568, 0.06787053495645523]",8,16,"q_proj,v_proj",0.0001,20
clip,cable,1,456,naive,2,148,57,91,0.6148648648648649,0.6671486408328513,0.8695652173913043,0.43956043956043955,0.583941605839416,0.7584345479082322,"[[51, 6], [51, 40]]",0.06939734518527985,1.5039763450622559,"[1.5039763450622559, 1.3096562623977661, 1.09068763256073, 0.8831197023391724, 0.6593117713928223, 0.5015844106674194, 0.40147820115089417, 0.3735009431838989, 0.35636258125305176, 0.3098559081554413, 0.29288822412490845, 0.2777927815914154, 0.2546192705631256, 0.21571287512779236, 0.162512868642807, 0.13201121985912323, 0.10195830464363098, 0.08457052707672119, 0.07653889060020447, 0.06939734518527985]",8,16,"q_proj,v_proj",0.0001,20
clip,cable,5,42,naive,10,140,53,87,0.6928571428571428,0.7196920407720668,0.8548387096774194,0.6091954022988506,0.7114093959731543,0.7753198872261982,"[[44, 9], [34, 53]]",0.1357433684170246,1.081819474697113,"[1.081819474697113, 0.9537568092346191, 0.5908995717763901, 0.6063409596681595, 0.49357497692108154, 0.4929134249687195, 0.5095908343791962, 0.451519712805748, 0.36125822365283966, 0.33900147676467896, 0.3193119019269943, 0.2705313637852669, 0.2727118730545044, 0.19005679339170456, 0.2663131058216095, 0.28100908547639847, 0.25043511390686035, 0.23666078597307205, 0.1802346631884575, 0.1357433684170246]",8,16,"q_proj,v_proj",0.0001,20
clip,cable,5,123,naive,10,140,53,87,0.6642857142857143,0.6450878334417697,0.7325581395348837,0.7241379310344828,0.7283236994219653,0.7542832357406202,"[[30, 23], [24, 63]]",0.13202089443802834,1.5132303833961487,"[1.5132303833961487, 0.8834685683250427, 0.6980357766151428, 0.5830051302909851, 0.4740549921989441, 0.5644985735416412, 0.5122781991958618, 0.5050579309463501, 0.38715212047100067, 0.35834597051143646, 0.4664192646741867, 0.28962357342243195, 0.27468685805797577, 0.31365280598402023, 0.20938727259635925, 0.2709522768855095, 0.2222258597612381, 0.21243895590305328, 0.15104614198207855, 0.13202089443802834]",8,16,"q_proj,v_proj",0.0001,20
clip,cable,5,456,naive,10,140,53,87,0.6571428571428571,0.6872695727607894,0.8305084745762712,0.5632183908045977,0.6712328767123288,0.7876816308826718,"[[43, 10], [38, 49]]",0.1331939958035946,0.9907884895801544,"[0.9907884895801544, 0.9330335855484009, 0.5183631330728531, 0.6492046266794205, 0.41465526819229126, 0.4765830934047699, 0.47985899448394775, 0.43379922211170197, 0.36156368255615234, 0.3325105458498001, 0.2658570408821106, 0.3365710824728012, 0.2950838655233383, 0.2553814724087715, 0.22272545099258423, 0.18787580728530884, 0.20861409604549408, 0.15733230859041214, 0.15197277069091797, 0.1331939958035946]",8,16,"q_proj,v_proj",0.0001,20
clip,cable,10,42,naive,20,130,48,82,0.7384615384615385,0.7365345528455285,0.8243243243243243,0.7439024390243902,0.782051282051282,0.8081808943089431,"[[35, 13], [21, 61]]",0.054786047587792076,1.1556397875150044,"[1.1556397875150044, 0.7675366401672363, 0.5593538681666056, 0.502880334854126, 0.5993196964263916, 0.5104777216911316, 0.4121306737263997, 0.3866725265979767, 0.34672968586285907, 0.33632053931554157, 0.2973400255044301, 0.2573596040407817, 0.204957976937294, 0.1952133278052012, 0.18025130033493042, 0.1312756985425949, 0.10903087755044301, 0.08791167040665944, 0.07019905745983124, 0.054786047587792076]",8,16,"q_proj,v_proj",0.0001,20
clip,cable,10,123,naive,20,130,48,82,0.6384615384615384,0.7004573170731707,0.926829268292683,0.4634146341463415,0.6178861788617886,0.8175813008130081,"[[45, 3], [44, 38]]",0.06764875849088033,1.0720076461633046,"[1.0720076461633046, 0.8423256079355875, 0.6029780705769857, 0.5046244164307913, 0.531866172949473, 0.5264754891395569, 0.4669188857078552, 0.39598264296849567, 0.3637937009334564, 0.3531830310821533, 0.31592785318692523, 0.27308664719263714, 0.22149568299452463, 0.21823290983835855, 0.1711983730395635, 0.13940892120202383, 0.12945170948902765, 0.10601918647686641, 0.07942597319682439, 0.06764875849088033]",8,16,"q_proj,v_proj",0.0001,20
clip,cable,10,456,naive,20,130,48,82,0.7307692307692307,0.7477134146341464,0.8615384615384616,0.6829268292682927,0.7619047619047619,0.8353658536585366,"[[39, 9], [26, 56]]",0.08717309931914012,1.2053238948186238,"[1.2053238948186238, 0.8593526482582092, 0.513979415098826, 0.6057742834091187, 0.6027633349100748, 0.5501450399557749, 0.48183197776476544, 0.4048921465873718, 0.3888798654079437, 0.38293535510698956, 0.33014577627182007, 0.3082248767217, 0.2710234522819519, 0.2441767454147339, 0.19805250565210977, 0.174464151263237, 0.16144142796595892, 0.12160396327575047, 0.10723365346590678, 0.08717309931914012]",8,16,"q_proj,v_proj",0.0001,20
clip,capsule,1,42,naive,2,130,22,108,0.7076923076923077,0.5526094276094277,0.85,0.7870370370370371,0.8173076923076923,0.6203703703703705,"[[7, 15], [23, 85]]",0.0940663069486618,0.889496922492981,"[0.889496922492981, 0.8195568919181824, 0.7446346282958984, 0.6758299469947815, 0.597443699836731, 0.5381593704223633, 0.4693179726600647, 0.43089115619659424, 0.39581993222236633, 0.3615661561489105, 0.33646634221076965, 0.3055592477321625, 0.2679630219936371, 0.24067173898220062, 0.2108277529478073, 0.17726938426494598, 0.1523626297712326, 0.13141663372516632, 0.11305912584066391, 0.0940663069486618]",8,16,"q_proj,v_proj",0.0001,20
clip,capsule,1,123,naive,2,130,22,108,0.3769230769230769,0.5164141414141414,0.8461538461538461,0.3055555555555556,0.4489795918367347,0.6119528619528619,"[[16, 6], [75, 33]]",0.047912850975990295,0.7100101113319397,"[0.7100101113319397, 0.6623801589012146, 0.6115743517875671, 0.561086893081665, 0.5132485628128052, 0.46640273928642273, 0.4101857542991638, 0.37994760274887085, 0.3242170810699463, 0.293325811624527, 0.2521094083786011, 0.2189282476902008, 0.19266381859779358, 0.15898723900318146, 0.13246168196201324, 0.1076277568936348, 0.085443876683712, 0.06976330280303955, 0.060529351234436035, 0.047912850975990295]",8,16,"q_proj,v_proj",0.0001,20
clip,capsule,1,456,naive,2,130,22,108,0.7461538461538462,0.5033670033670034,0.831858407079646,0.8703703703703703,0.8506787330316742,0.5841750841750841,"[[3, 19], [14, 94]]",0.08370341360569,0.8090959191322327,"[0.8090959191322327, 0.7415780425071716, 0.676166296005249, 0.6115336418151855, 0.5521701574325562, 0.49824121594429016, 0.4603564739227295, 0.43047547340393066, 0.39215224981307983, 0.3542488217353821, 0.31094983220100403, 0.27749067544937134, 0.2505084276199341, 0.2171880602836609, 0.18209464848041534, 0.15655648708343506, 0.13313782215118408, 0.11500993371009827, 0.09817168116569519, 0.08370341360569]",8,16,"q_proj,v_proj",0.0001,20
clip,capsule,5,42,naive,10,122,18,104,0.20491803278688525,0.5336538461538461,1.0,0.0673076923076923,0.12612612612612611,0.7013888888888888,"[[18, 0], [97, 7]]",0.28463971614837646,0.7828149497509003,"[0.7828149497509003, 0.7914901971817017, 0.6304519176483154, 0.6159284114837646, 0.5249898433685303, 0.48123103380203247, 0.48253031075000763, 0.73586505651474, 0.5547068417072296, 0.4435620754957199, 0.3996773511171341, 0.338150754570961, 0.4118916541337967, 0.3179008737206459, 0.4065001308917999, 0.44756026566028595, 0.3491719365119934, 0.3795870840549469, 0.22944387793540955, 0.28463971614837646]",8,16,"q_proj,v_proj",0.0001,20
clip,capsule,5,123,naive,10,122,18,104,0.5573770491803278,0.6025641025641025,0.9032258064516129,0.5384615384615384,0.6746987951807228,0.6463675213675214,"[[12, 6], [48, 56]]",0.09869120270013809,0.7673941254615784,"[0.7673941254615784, 0.65592822432518, 0.6062846183776855, 0.5784826278686523, 0.5045739412307739, 0.5528348088264465, 0.49333757162094116, 0.46905413269996643, 0.4719689041376114, 0.37472638487815857, 0.4159706085920334, 0.3258216679096222, 0.3263870179653168, 0.3179083317518234, 0.2568315863609314, 0.23533842712640762, 0.17410515248775482, 0.16732924431562424, 0.14729434996843338, 0.09869120270013809]",8,16,"q_proj,v_proj",0.0001,20
clip,capsule,5,456,naive,10,122,18,104,0.4098360655737705,0.561965811965812,0.9,0.34615384615384615,0.5,0.6720085470085471,"[[14, 4], [68, 36]]",0.12070129811763763,0.7969239056110382,"[0.7969239056110382, 0.6183499991893768, 0.6485010981559753, 0.6223167181015015, 0.49337297677993774, 0.5264823585748672, 0.4909607619047165, 0.404246985912323, 0.4661579877138138, 0.37088367342948914, 0.38082247972488403, 0.2857661247253418, 0.28690846264362335, 0.2412991225719452, 0.20368945598602295, 0.32448747754096985, 0.18195996433496475, 0.23053671419620514, 0.11325976252555847, 0.12070129811763763]",8,16,"q_proj,v_proj",0.0001,20
clip,capsule,10,42,naive,20,112,13,99,0.4732142857142857,0.702020202020202,1.0,0.40404040404040403,0.5755395683453237,0.8648018648018648,"[[13, 0], [59, 40]]",0.09746311108271281,0.7224378188451132,"[0.7224378188451132, 0.6242895523707072, 0.6204459269841512, 0.5882521271705627, 0.6117064754168192, 0.511622428894043, 0.49595974882443744, 0.49227942029635113, 0.4670783380667369, 0.4428301850954692, 0.409691462914149, 0.3396158814430237, 0.3096970170736313, 0.2856840491294861, 0.27246523400147754, 0.21614458660284677, 0.2089765171209971, 0.1651338537534078, 0.12757252901792526, 0.09746311108271281]",8,16,"q_proj,v_proj",0.0001,20
clip,capsule,10,123,naive,20,112,13,99,0.5803571428571429,0.5621600621600622,0.90625,0.5858585858585859,0.7116564417177914,0.6177156177156177,"[[7, 6], [41, 58]]",0.07068667064110438,0.6715857684612274,"[0.6715857684612274, 0.6130093932151794, 0.5849560101826986, 0.5633248488108317, 0.5342429876327515, 0.5032680829366049, 0.5025365650653839, 0.4888128141562144, 0.41285815834999084, 0.40283968051274616, 0.36284996072451275, 0.31241246064503986, 0.25800477464993793, 0.2617706557114919, 0.20759716629981995, 0.16785597801208496, 0.15183343241612116, 0.11554831514755885, 0.08416860053936641, 0.07068667064110438]",8,16,"q_proj,v_proj",0.0001,20
clip,capsule,10,456,naive,20,112,13,99,0.7053571428571429,0.5994560994560995,0.9125,0.7373737373737373,0.8156424581005587,0.7024087024087025,"[[6, 7], [26, 73]]",0.0921787718931834,0.696349581082662,"[0.696349581082662, 0.6234286228815714, 0.5823229551315308, 0.597158153851827, 0.6211539705594381, 0.5451738437016805, 0.5153638323148092, 0.47675861914952594, 0.46131614844004315, 0.45193718870480853, 0.41177088022232056, 0.3938981095949809, 0.37799262007077533, 0.30970508853594464, 0.2551310658454895, 0.23288248479366302, 0.19091721872488657, 0.15700113276640573, 0.11495636155207951, 0.0921787718931834]",8,16,"q_proj,v_proj",0.0001,20
clip,carpet,1,42,naive,2,115,27,88,0.782608695652174,0.8579545454545454,1.0,0.7159090909090909,0.8344370860927153,0.9814814814814814,"[[27, 0], [25, 63]]",0.013006525114178658,0.4189341962337494,"[0.4189341962337494, 0.362470805644989, 0.3108282685279846, 0.2749013602733612, 0.22838793694972992, 0.19587302207946777, 0.15652287006378174, 0.12946408987045288, 0.10502949357032776, 0.08084595203399658, 0.06315027922391891, 0.05302285775542259, 0.04040294885635376, 0.03289130702614784, 0.027047710493206978, 0.02287234738469124, 0.019647810608148575, 0.017005562782287598, 0.015416467562317848, 0.013006525114178658]",8,16,"q_proj,v_proj",0.0001,20
clip,carpet,1,123,naive,2,115,27,88,0.45217391304347826,0.6420454545454546,1.0,0.2840909090909091,0.4424778761061947,0.9810606060606061,"[[27, 0], [63, 25]]",0.010559420101344585,0.442914754152298,"[0.442914754152298, 0.38553160429000854, 0.32446831464767456, 0.2744482755661011, 0.23160713911056519, 0.19336465001106262, 0.16252312064170837, 0.1347704827785492, 0.10906749963760376, 0.09201379120349884, 0.0689515769481659, 0.05386766418814659, 0.04274754226207733, 0.03442083299160004, 0.02632267028093338, 0.02038443833589554, 0.016499144956469536, 0.0139824990183115, 0.012453926727175713, 0.010559420101344585]",8,16,"q_proj,v_proj",0.0001,20
clip,carpet,1,456,naive,2,115,27,88,0.8347826086956521,0.8920454545454546,1.0,0.7840909090909091,0.8789808917197452,0.9941077441077442,"[[27, 0], [19, 69]]",0.018703147768974304,0.6193631291389465,"[0.6193631291389465, 0.5681924819946289, 0.5095266103744507, 0.45847493410110474, 0.4094381630420685, 0.35806402564048767, 0.3028278052806854, 0.2654275894165039, 0.22053250670433044, 0.18476450443267822, 0.1459532529115677, 0.11769083887338638, 0.09357679635286331, 0.0757257491350174, 0.05845891684293747, 0.04749993979930878, 0.035764798521995544, 0.03076072968542576, 0.023495929315686226, 0.018703147768974304]",8,16,"q_proj,v_proj",0.0001,20
clip,carpet,5,42,naive,10,107,23,84,0.9158878504672897,0.9464285714285714,1.0,0.8928571428571429,0.9433962264150944,1.0,"[[23, 0], [9, 75]]",0.0066014614421874285,0.49864761531352997,"[0.49864761531352997, 0.41243450343608856, 0.3805028647184372, 0.29802481830120087, 0.25098767131567, 0.21500631421804428, 0.16361916437745094, 0.12909674644470215, 0.10123863816261292, 0.06946096383035183, 0.051220416091382504, 0.04362531937658787, 0.04292231239378452, 0.02449942473322153, 0.01770663447678089, 0.018942813854664564, 0.012091652024537325, 0.008508004946634173, 0.007114792941138148, 0.0066014614421874285]",8,16,"q_proj,v_proj",0.0001,20
clip,carpet,5,123,naive,10,107,23,84,0.9439252336448598,0.9642857142857143,1.0,0.9285714285714286,0.9629629629629629,0.9979296066252588,"[[23, 0], [6, 78]]",0.010201248340308666,0.5464093089103699,"[0.5464093089103699, 0.4207606017589569, 0.3698117583990097, 0.3245542645454407, 0.25829730927944183, 0.21662288904190063, 0.20959585160017014, 0.17611567676067352, 0.1288994923233986, 0.0952887125313282, 0.07559343799948692, 0.057596633210778236, 0.04434255510568619, 0.04133466258645058, 0.036290585063397884, 0.02429104968905449, 0.02112642489373684, 0.015624843537807465, 0.0112432767637074, 0.010201248340308666]",8,16,"q_proj,v_proj",0.0001,20
clip,carpet,5,456,naive,10,107,23,84,0.8691588785046729,0.9166666666666667,1.0,0.8333333333333334,0.9090909090909091,0.9958592132505176,"[[23, 0], [14, 70]]",0.006859459914267063,0.4725199043750763,"[0.4725199043750763, 0.5112752914428711, 0.3652343153953552, 0.3391505926847458, 0.25656858086586, 0.20718136429786682, 0.2202705219388008, 0.16824951022863388, 0.160506971180439, 0.09616246446967125, 0.0698533933609724, 0.04695756733417511, 0.036536904983222485, 0.02932872250676155, 0.02219824120402336, 0.02159093413501978, 0.016017802990972996, 0.013688843697309494, 0.011710726656019688, 0.006859459914267063]",8,16,"q_proj,v_proj",0.0001,20
clip,carpet,10,42,naive,20,97,18,79,0.9690721649484536,0.9810126582278481,1.0,0.9620253164556962,0.9806451612903225,0.9964838255977496,"[[18, 0], [3, 76]]",0.003491272140915195,0.5547403693199158,"[0.5547403693199158, 0.47579797108968097, 0.44470157225926715, 0.3837772111097972, 0.36746588349342346, 0.26236651837825775, 0.2201204647620519, 0.175079012910525, 0.12287505219380061, 0.07532290617624919, 0.0525242934624354, 0.03328761334220568, 0.020543182889620464, 0.014438020686308542, 0.011153167113661766, 0.007742659033586581, 0.006242943772425254, 0.0049214524527390795, 0.0039691736456006765, 0.003491272140915195]",8,16,"q_proj,v_proj",0.0001,20
clip,carpet,10,123,naive,20,97,18,79,0.9278350515463918,0.9556962025316456,1.0,0.9113924050632911,0.9536423841059603,0.9964838255977497,"[[18, 0], [7, 72]]",0.00295695336535573,0.4302007754643758,"[0.4302007754643758, 0.3866822421550751, 0.315412958463033, 0.2687371224164963, 0.19719109435876211, 0.1488303244113922, 0.13595736275116602, 0.07668086141347885, 0.04543459415435791, 0.03130452831586202, 0.023371451844771702, 0.01643160916864872, 0.011297230763981739, 0.010814954526722431, 0.009449963613102833, 0.006832776435961326, 0.0048258258029818535, 0.004318096442148089, 0.003558936839302381, 0.00295695336535573]",8,16,"q_proj,v_proj",0.0001,20
clip,carpet,10,456,naive,20,97,18,79,0.9381443298969072,0.9620253164556962,1.0,0.9240506329113924,0.9605263157894737,0.9985935302390998,"[[18, 0], [6, 73]]",0.001871627988293767,0.4433121085166931,"[0.4433121085166931, 0.37049070994059247, 0.30453550815582275, 0.2650679051876068, 0.1799673636754354, 0.11431122074524562, 0.08590201785167058, 0.058259562899669014, 0.03492178147037824, 0.02284957654774189, 0.015682512273391087, 0.011613902325431505, 0.008970271330326796, 0.006369027774780989, 0.004451602464541793, 0.00357699867648383, 0.0027941029208401837, 0.0024955240078270435, 0.00210371733798335, 0.001871627988293767]",8,16,"q_proj,v_proj",0.0001,20
clip,grid,1,42,naive,2,76,20,56,0.6842105263157895,0.6571428571428571,0.8333333333333334,0.7142857142857143,0.7692307692307693,0.6883928571428571,"[[12, 8], [16, 40]]",0.05252896994352341,1.1988762617111206,"[1.1988762617111206, 1.0553665161132812, 0.9137188196182251, 0.7591001391410828, 0.6031581163406372, 0.489677369594574, 0.3748054504394531, 0.30951470136642456, 0.2790187895298004, 0.25244054198265076, 0.2296956181526184, 0.22162285447120667, 0.19091486930847168, 0.1695759892463684, 0.14373156428337097, 0.11804818361997604, 0.09786070883274078, 0.07714018225669861, 0.06651966273784637, 0.05252896994352341]",8,16,"q_proj,v_proj",0.0001,20
clip,grid,1,123,naive,2,76,20,56,0.631578947368421,0.6053571428571429,0.8043478260869565,0.6607142857142857,0.7254901960784313,0.7000000000000001,"[[11, 9], [19, 37]]",0.08650550246238708,1.318869948387146,"[1.318869948387146, 1.162207841873169, 0.9996105432510376, 0.8332428336143494, 0.6840925812721252, 0.5318098664283752, 0.4200572967529297, 0.3635368049144745, 0.32147055864334106, 0.3300180435180664, 0.2910923957824707, 0.3035082221031189, 0.2721700668334961, 0.22191771864891052, 0.19931276142597198, 0.1369389295578003, 0.12604431807994843, 0.10437707602977753, 0.09315693378448486, 0.08650550246238708]",8,16,"q_proj,v_proj",0.0001,20
clip,grid,1,456,naive,2,76,20,56,0.6710526315789473,0.5357142857142857,0.7540983606557377,0.8214285714285714,0.7863247863247863,0.6080357142857142,"[[5, 15], [10, 46]]",0.038164567202329636,0.9394999742507935,"[0.9394999742507935, 0.8019987344741821, 0.6679221391677856, 0.5586788058280945, 0.44487836956977844, 0.3658180236816406, 0.300192654132843, 0.26895344257354736, 0.23139193654060364, 0.19387823343276978, 0.1746467649936676, 0.15499210357666016, 0.1423594057559967, 0.1263681799173355, 0.10105922818183899, 0.08547747135162354, 0.06801145523786545, 0.05776364728808403, 0.04637961834669113, 0.038164567202329636]",8,16,"q_proj,v_proj",0.0001,20
clip,grid,5,42,naive,10,68,16,52,0.5735294117647058,0.6129807692307692,0.8484848484848485,0.5384615384615384,0.6588235294117647,0.7115384615384615,"[[11, 5], [24, 28]]",0.06450964510440826,1.0170681476593018,"[1.0170681476593018, 1.111443817615509, 0.6442838311195374, 0.7780754864215851, 0.5135917812585831, 0.46983999013900757, 0.4280576705932617, 0.33444003760814667, 0.23680469393730164, 0.26500940322875977, 0.24812325835227966, 0.16449347883462906, 0.12377361208200455, 0.1135878637433052, 0.1371605508029461, 0.0888128262013197, 0.08468379825353622, 0.1086539588868618, 0.08222798258066177, 0.06450964510440826]",8,16,"q_proj,v_proj",0.0001,20
clip,grid,5,123,naive,10,68,16,52,0.8235294117647058,0.8629807692307692,0.9761904761904762,0.7884615384615384,0.8723404255319149,0.9194711538461539,"[[15, 1], [11, 41]]",0.12383323535323143,1.6648119688034058,"[1.6648119688034058, 1.130689263343811, 0.7714404463768005, 0.6560173034667969, 0.5901840925216675, 0.6256513893604279, 0.6228052377700806, 0.6094599366188049, 0.5087465345859528, 0.3779898136854172, 0.32043248414993286, 0.302327461540699, 0.29841145873069763, 0.22547943145036697, 0.2725317180156708, 0.21705497801303864, 0.20206431299448013, 0.16053130477666855, 0.12807461619377136, 0.12383323535323143]",8,16,"q_proj,v_proj",0.0001,20
clip,grid,5,456,naive,10,68,16,52,0.5882352941176471,0.6442307692307692,0.875,0.5384615384615384,0.6666666666666666,0.7475961538461537,"[[12, 4], [24, 28]]",0.06794473528862,1.121145486831665,"[1.121145486831665, 0.9390753209590912, 0.6370662748813629, 0.4202972501516342, 0.41147272288799286, 0.37759868800640106, 0.46604499220848083, 0.46163614094257355, 0.2502612769603729, 0.23782166093587875, 0.2590339034795761, 0.21272587031126022, 0.2109290212392807, 0.1587371900677681, 0.12198550999164581, 0.16293427720665932, 0.14027325063943863, 0.1217760294675827, 0.06899303756654263, 0.06794473528862]",8,16,"q_proj,v_proj",0.0001,20
clip,grid,10,42,naive,20,58,11,47,0.6896551724137931,0.7388781431334623,0.9393939393939394,0.6595744680851063,0.775,0.862669245647969,"[[9, 2], [16, 31]]",0.03873164144655069,1.30411692460378,"[1.30411692460378, 0.9829493761062622, 0.5886655946572622, 0.4706490635871887, 0.5072268148263296, 0.5166366298993429, 0.4069871703783671, 0.33846040566762287, 0.2896990676720937, 0.3059786359469096, 0.2538393835226695, 0.23749917248884836, 0.19544750452041626, 0.14582141240437826, 0.11475461348891258, 0.10763482252756755, 0.07530030980706215, 0.061356293658415474, 0.04913477599620819, 0.03873164144655069]",8,16,"q_proj,v_proj",0.0001,20
clip,grid,10,123,naive,20,58,11,47,0.8620689655172413,0.8800773694390716,0.975609756097561,0.851063829787234,0.9090909090909091,0.9864603481624759,"[[10, 1], [7, 40]]",0.020256529562175274,1.1107801720499992,"[1.1107801720499992, 0.8766797582308451, 0.6673147678375244, 0.5263018906116486, 0.5596865514914194, 0.5365388492743174, 0.4746238440275192, 0.3710455099741618, 0.3263102074464162, 0.25949782133102417, 0.2536297490199407, 0.19834946592648825, 0.14427930116653442, 0.10566827903191249, 0.09559167921543121, 0.06216119105617205, 0.04436633115013441, 0.03149475653966268, 0.02771158205966155, 0.020256529562175274]",8,16,"q_proj,v_proj",0.0001,20
clip,grid,10,456,naive,20,58,11,47,0.8448275862068966,0.8694390715667311,0.975,0.8297872340425532,0.896551724137931,0.9381044487427466,"[[10, 1], [8, 39]]",0.026995381340384483,1.1754614114761353,"[1.1754614114761353, 0.9344933827718099, 0.5787032842636108, 0.48507283131281537, 0.5327789982159933, 0.4691999653975169, 0.39743093649546307, 0.3420134286085765, 0.2975030342737834, 0.2631529023249944, 0.2320836285750071, 0.20527797440687814, 0.16357838362455368, 0.14007462561130524, 0.10784864177306493, 0.09155751019716263, 0.06512693439920743, 0.052655732880036034, 0.04308235707382361, 0.026995381340384483]",8,16,"q_proj,v_proj",0.0001,20
clip,hazelnut,1,42,naive,2,108,39,69,0.7314814814814815,0.717391304347826,0.803030303030303,0.7681159420289855,0.7851851851851852,0.78743961352657,"[[26, 13], [16, 53]]",0.11855986714363098,1.662738561630249,"[1.662738561630249, 1.5441162586212158, 1.4120455980300903, 1.2916723489761353, 1.1402530670166016, 0.992982029914856, 0.844829261302948, 0.7095512747764587, 0.6002772450447083, 0.4994202256202698, 0.4324508309364319, 0.4059852957725525, 0.35313528776168823, 0.3475233316421509, 0.3197685182094574, 0.264925092458725, 0.23290735483169556, 0.18401382863521576, 0.1461552530527115, 0.11855986714363098]",8,16,"q_proj,v_proj",0.0001,20
clip,hazelnut,1,123,naive,2,108,39,69,0.7129629629629629,0.6471571906354515,0.7261904761904762,0.8840579710144928,0.7973856209150327,0.7658862876254181,"[[16, 23], [8, 61]]",0.1309748888015747,1.6156548261642456,"[1.6156548261642456, 1.4801485538482666, 1.3254348039627075, 1.1576780080795288, 0.9957510232925415, 0.8063977956771851, 0.6421157121658325, 0.5413546562194824, 0.4085291624069214, 0.3752068877220154, 0.31078460812568665, 0.3030118942260742, 0.3025601804256439, 0.2625848054885864, 0.2765604853630066, 0.224856898188591, 0.207317516207695, 0.17569319903850555, 0.1478751003742218, 0.1309748888015747]",8,16,"q_proj,v_proj",0.0001,20
clip,hazelnut,1,456,naive,2,108,39,69,0.4722222222222222,0.5869565217391304,1.0,0.17391304347826086,0.2962962962962963,0.7443329617242661,"[[39, 0], [57, 12]]",0.07283897697925568,1.4655344486236572,"[1.4655344486236572, 1.326517939567566, 1.1755199432373047, 1.0343701839447021, 0.8715227842330933, 0.7301144003868103, 0.5903641581535339, 0.496576189994812, 0.36036139726638794, 0.26166197657585144, 0.20087233185768127, 0.161081463098526, 0.14771640300750732, 0.14191699028015137, 0.12906107306480408, 0.12603262066841125, 0.10911791026592255, 0.0963522419333458, 0.08270218223333359, 0.07283897697925568]",8,16,"q_proj,v_proj",0.0001,20
clip,hazelnut,5,42,naive,10,100,35,65,0.6,0.6857142857142857,0.9629629629629629,0.4,0.5652173913043478,0.858021978021978,"[[34, 1], [39, 26]]",0.10086362808942795,1.5208227634429932,"[1.5208227634429932, 1.6003682613372803, 1.0941466093063354, 1.099257230758667, 0.5880888849496841, 0.5340279191732407, 0.3920298218727112, 0.4096977859735489, 0.3727843463420868, 0.33393822610378265, 0.30472686886787415, 0.24414057284593582, 0.3214974105358124, 0.1676955446600914, 0.18462488055229187, 0.18867357820272446, 0.21620692312717438, 0.16399355232715607, 0.15524540841579437, 0.10086362808942795]",8,16,"q_proj,v_proj",0.0001,20
clip,hazelnut,5,123,naive,10,100,35,65,0.77,0.7571428571428571,0.8387096774193549,0.8,0.8188976377952756,0.8294505494505495,"[[25, 10], [13, 52]]",0.15342778712511063,1.7229787707328796,"[1.7229787707328796, 1.1219720244407654, 0.9131063520908356, 0.7180382013320923, 0.6299404501914978, 0.4295126497745514, 0.4268578290939331, 0.4504181891679764, 0.45313504338264465, 0.33185796439647675, 0.39245618879795074, 0.27497483789920807, 0.25173262506723404, 0.2621573656797409, 0.21087539941072464, 0.22785509377717972, 0.20920965820550919, 0.18738453835248947, 0.16041165590286255, 0.15342778712511063]",8,16,"q_proj,v_proj",0.0001,20
clip,hazelnut,5,456,naive,10,100,35,65,0.75,0.8010989010989011,0.9761904761904762,0.6307692307692307,0.7663551401869159,0.9217582417582418,"[[34, 1], [24, 41]]",0.1815062239766121,1.4187372922897339,"[1.4187372922897339, 1.3939158916473389, 1.0186963975429535, 0.6987445056438446, 0.7532643675804138, 0.5337262749671936, 0.527065634727478, 0.4984019100666046, 0.4403623640537262, 0.5133408308029175, 0.5449379980564117, 0.37716326117515564, 0.33725884556770325, 0.28490258753299713, 0.2593730241060257, 0.2888232618570328, 0.2645532712340355, 0.23355216532945633, 0.1908705160021782, 0.1815062239766121]",8,16,"q_proj,v_proj",0.0001,20
clip,hazelnut,10,42,naive,20,90,30,60,0.6555555555555556,0.6833333333333333,0.8372093023255814,0.6,0.6990291262135923,0.8461111111111111,"[[23, 7], [24, 36]]",0.08396006872256596,1.4466688235600789,"[1.4466688235600789, 1.1979984243710835, 0.8015717069307963, 0.6094705661137899, 0.6421905954678854, 0.6371616125106812, 0.5783411463101705, 0.43920545776685077, 0.38725030422210693, 0.36976704001426697, 0.3393471340338389, 0.30869487921396893, 0.2701727052529653, 0.22506196796894073, 0.20669657488663992, 0.18648461004098257, 0.14549806714057922, 0.13091020782788595, 0.10844747225443523, 0.08396006872256596]",8,16,"q_proj,v_proj",0.0001,20
clip,hazelnut,10,123,naive,20,90,30,60,0.8222222222222222,0.8333333333333334,0.9230769230769231,0.8,0.8571428571428571,0.9177777777777778,"[[26, 4], [12, 48]]",0.10975090165932973,1.172473097840945,"[1.172473097840945, 1.0210188428560893, 0.8358418345451355, 0.5962701042493185, 0.5007239977518717, 0.4976839025815328, 0.5108054876327515, 0.43774869044621784, 0.3716754913330078, 0.3401849965254466, 0.3585696319739024, 0.3099879324436188, 0.273914913336436, 0.24143210550149283, 0.21017587184906006, 0.19977101186911264, 0.16955803334712982, 0.13344947000344595, 0.12352248281240463, 0.10975090165932973]",8,16,"q_proj,v_proj",0.0001,20
clip,hazelnut,10,456,naive,20,90,30,60,0.6333333333333333,0.725,1.0,0.45,0.6206896551724138,0.8838888888888888,"[[30, 0], [33, 27]]",0.09143477181593578,1.6532554229100545,"[1.6532554229100545, 1.4155408938725789, 1.034867564837138, 0.7576069037119547, 0.6231033404668173, 0.6022358536720276, 0.5110325415929159, 0.4735856354236603, 0.4403231342633565, 0.38296671708424884, 0.3161582847436269, 0.29352280994256336, 0.2727626363436381, 0.24234100182851157, 0.20474418004353842, 0.17383810381094614, 0.1624105324347814, 0.13644966979821524, 0.11705232163270314, 0.09143477181593578]",8,16,"q_proj,v_proj",0.0001,20
clip,leather,1,42,naive,2,122,31,91,0.9262295081967213,0.9505494505494505,1.0,0.9010989010989011,0.9479768786127167,1.0,"[[31, 0], [9, 82]]",0.02387332171201706,0.41008591651916504,"[0.41008591651916504, 0.35615554451942444, 0.31051307916641235, 0.27209416031837463, 0.23531314730644226, 0.21126215159893036, 0.17649003863334656, 0.1574157178401947, 0.13472992181777954, 0.11457762122154236, 0.09826137125492096, 0.08504705131053925, 0.07412084937095642, 0.0625942200422287, 0.05339224264025688, 0.04679322987794876, 0.03862449526786804, 0.03359394520521164, 0.02870245650410652, 0.02387332171201706]",8,16,"q_proj,v_proj",0.0001,20
clip,leather,1,123,naive,2,122,31,91,0.9590163934426229,0.9725274725274725,1.0,0.945054945054945,0.9717514124293786,1.0,"[[31, 0], [5, 86]]",0.014334950596094131,0.44421547651290894,"[0.44421547651290894, 0.3932863473892212, 0.34738194942474365, 0.3000537157058716, 0.2656714618206024, 0.2220490574836731, 0.192247673869133, 0.16264097392559052, 0.13325995206832886, 0.11670471727848053, 0.08577114343643188, 0.07203216105699539, 0.05968571826815605, 0.04887005686759949, 0.0383743941783905, 0.030704770237207413, 0.02432037703692913, 0.020715367048978806, 0.017123011872172356, 0.014334950596094131]",8,16,"q_proj,v_proj",0.0001,20
clip,leather,1,456,naive,2,122,31,91,1.0,1.0,1.0,1.0,1.0,1.0,"[[31, 0], [0, 91]]",0.02046404778957367,0.49273067712783813,"[0.49273067712783813, 0.44453102350234985, 0.39604464173316956, 0.36173439025878906, 0.308257520198822, 0.267248272895813, 0.22745215892791748, 0.20433014631271362, 0.15684059262275696, 0.13046866655349731, 0.10874804854393005, 0.08585226535797119, 0.0703638345003128, 0.05976857617497444, 0.047385066747665405, 0.04118040204048157, 0.033395666629076004, 0.02813226915895939, 0.023474350571632385, 0.02046404778957367]",8,16,"q_proj,v_proj",0.0001,20
clip,leather,5,42,naive,10,114,27,87,1.0,1.0,1.0,1.0,1.0,1.0,"[[27, 0], [0, 87]]",0.00929739000275731,0.4020352214574814,"[0.4020352214574814, 0.3472359776496887, 0.2754594534635544, 0.21595310419797897, 0.1923208087682724, 0.16948115080595016, 0.14196451008319855, 0.1247841827571392, 0.09428530558943748, 0.07353539764881134, 0.05829859524965286, 0.050617044791579247, 0.03616440296173096, 0.028546308167278767, 0.026517072692513466, 0.023219268769025803, 0.019614480435848236, 0.015234744176268578, 0.011274134740233421, 0.00929739000275731]",8,16,"q_proj,v_proj",0.0001,20
clip,leather,5,123,naive,10,114,27,87,1.0,1.0,1.0,1.0,1.0,1.0,"[[27, 0], [0, 87]]",0.00799245573580265,0.4492715448141098,"[0.4492715448141098, 0.32836422324180603, 0.2661938741803169, 0.26617343723773956, 0.20537923276424408, 0.17333141714334488, 0.1861855313181877, 0.15742671489715576, 0.093508992344141, 0.08985781669616699, 0.06068011559545994, 0.05243316665291786, 0.03526281379163265, 0.028429989702999592, 0.022234841249883175, 0.01776461210101843, 0.015756413340568542, 0.011894977651536465, 0.008242432260885835, 0.00799245573580265]",8,16,"q_proj,v_proj",0.0001,20
clip,leather,5,456,naive,10,114,27,87,0.9824561403508771,0.9885057471264368,1.0,0.9770114942528736,0.9883720930232558,1.0,"[[27, 0], [2, 85]]",0.006830720929428935,0.36107832193374634,"[0.36107832193374634, 0.28648336231708527, 0.22314797341823578, 0.21046829968690872, 0.17308494448661804, 0.17596586048603058, 0.14019933342933655, 0.11660775914788246, 0.09126028791069984, 0.061090730130672455, 0.04091963358223438, 0.04341886192560196, 0.025875482708215714, 0.019062784500420094, 0.01474846713244915, 0.01425409596413374, 0.012443386483937502, 0.01075641205534339, 0.008404093328863382, 0.006830720929428935]",8,16,"q_proj,v_proj",0.0001,20
clip,leather,10,42,naive,20,104,22,82,1.0,1.0,1.0,1.0,1.0,1.0,"[[22, 0], [0, 82]]",0.0022947197624792657,0.3920139670372009,"[0.3920139670372009, 0.3111770451068878, 0.2776588499546051, 0.20623672008514404, 0.1546872357527415, 0.10300449778636296, 0.07275850077470143, 0.05151571457584699, 0.032718261082967125, 0.02243855595588684, 0.015124264483650526, 0.012141296950479349, 0.008943512104451656, 0.0071274905155102415, 0.005333386672039826, 0.0041245136720438795, 0.0033567041779557862, 0.002855444715047876, 0.002525758075838288, 0.0022947197624792657]",8,16,"q_proj,v_proj",0.0001,20
clip,leather,10,123,naive,20,104,22,82,1.0,1.0,1.0,1.0,1.0,1.0,"[[22, 0], [0, 82]]",0.0025203129819904766,0.45380449295043945,"[0.45380449295043945, 0.35672371586163837, 0.3073901931444804, 0.25828974445660907, 0.243641326824824, 0.1971304565668106, 0.14331801235675812, 0.09370657056570053, 0.06725512941678365, 0.04288706680138906, 0.028173913558324177, 0.018593282749255497, 0.01234961673617363, 0.009287352363268534, 0.007855594623833895, 0.005717999612291654, 0.004607688169926405, 0.0035807494229326644, 0.0031707448263963065, 0.0025203129819904766]",8,16,"q_proj,v_proj",0.0001,20
clip,leather,10,456,naive,20,104,22,82,1.0,1.0,1.0,1.0,1.0,1.0,"[[22, 0], [0, 82]]",0.0032597032065192857,0.42486639817555744,"[0.42486639817555744, 0.3302030662695567, 0.2663205812374751, 0.22497573991616568, 0.2004708598057429, 0.13854845116535822, 0.10564044366280238, 0.07862481102347374, 0.05435296893119812, 0.03535817563533783, 0.025557472681005795, 0.018582553913195927, 0.013293525824944178, 0.009986736190815767, 0.007782476333280404, 0.0064576139363149805, 0.005097959268217285, 0.004471387714147568, 0.0036489831594129405, 0.0032597032065192857]",8,16,"q_proj,v_proj",0.0001,20
clip,metal_nut,1,42,naive,2,113,21,92,0.5929203539823009,0.5662525879917184,0.8484848484848485,0.6086956521739131,0.7088607594936709,0.6532091097308489,"[[11, 10], [36, 56]]",0.08988341689109802,1.2394719123840332,"[1.2394719123840332, 1.1191740036010742, 0.9894793033599854, 0.8656297326087952, 0.7282516956329346, 0.6283606290817261, 0.5317310690879822, 0.46955400705337524, 0.45765578746795654, 0.4195477366447449, 0.383676677942276, 0.3313142955303192, 0.2565857768058777, 0.222126305103302, 0.17739537358283997, 0.14881974458694458, 0.12789706885814667, 0.11200767755508423, 0.11074776947498322, 0.08988341689109802]",8,16,"q_proj,v_proj",0.0001,20
clip,metal_nut,1,123,naive,2,113,21,92,0.6106194690265486,0.4117494824016563,0.7790697674418605,0.7282608695652174,0.7528089887640449,0.3840579710144928,"[[2, 19], [25, 67]]",0.035369500517845154,0.9874324202537537,"[0.9874324202537537, 0.8519039154052734, 0.7163053750991821, 0.5917785167694092, 0.501571536064148, 0.40727412700653076, 0.3572722375392914, 0.32565775513648987, 0.26765361428260803, 0.23077748715877533, 0.1716720312833786, 0.1368628293275833, 0.11332183331251144, 0.08778223395347595, 0.07396180927753448, 0.06030353903770447, 0.05156855657696724, 0.045008037239313126, 0.040690720081329346, 0.035369500517845154]",8,16,"q_proj,v_proj",0.0001,20
clip,metal_nut,1,456,naive,2,113,21,92,0.5575221238938053,0.5996376811594203,0.875,0.532608695652174,0.6621621621621622,0.6770186335403726,"[[14, 7], [43, 49]]",0.03507212549448013,0.9420570731163025,"[0.9420570731163025, 0.7848798632621765, 0.6239473223686218, 0.4968918561935425, 0.3625771105289459, 0.3021854758262634, 0.27007606625556946, 0.2622133493423462, 0.23248924314975739, 0.17952154576778412, 0.1542101502418518, 0.13042595982551575, 0.10493628680706024, 0.09007803350687027, 0.0678618997335434, 0.06074550002813339, 0.05144808441400528, 0.04312233254313469, 0.03967107832431793, 0.03507212549448013]",8,16,"q_proj,v_proj",0.0001,20
clip,metal_nut,5,42,naive,10,105,17,88,0.41904761904761906,0.6059491978609626,0.9354838709677419,0.32954545454545453,0.48739495798319327,0.7459893048128342,"[[15, 2], [59, 29]]",0.15199770778417587,1.0314942002296448,"[1.0314942002296448, 1.0636730790138245, 0.6861920356750488, 0.6096306443214417, 0.7251774072647095, 0.7215543389320374, 0.6563435196876526, 0.5593134760856628, 0.5060147494077682, 0.48173417150974274, 0.43376247584819794, 0.4597298204898834, 0.3298819959163666, 0.30190013349056244, 0.26950204372406006, 0.29723282158374786, 0.2693159654736519, 0.18909122794866562, 0.1554137021303177, 0.15199770778417587]",8,16,"q_proj,v_proj",0.0001,20
clip,metal_nut,5,123,naive,10,105,17,88,0.6,0.6427139037433156,0.9107142857142857,0.5795454545454546,0.7083333333333334,0.6550802139037433,"[[12, 5], [37, 51]]",0.11042977124452591,1.2416259050369263,"[1.2416259050369263, 0.710036039352417, 0.5999715924263, 0.6490713357925415, 0.4506172239780426, 0.433730348944664, 0.462320938706398, 0.4306863695383072, 0.41739967465400696, 0.37400639057159424, 0.3506414592266083, 0.29930977523326874, 0.29559286683797836, 0.2627149000763893, 0.18201640248298645, 0.22639773786067963, 0.1757184863090515, 0.18125435709953308, 0.14925334602594376, 0.11042977124452591]",8,16,"q_proj,v_proj",0.0001,20
clip,metal_nut,5,456,naive,10,105,17,88,0.5904761904761905,0.7082219251336899,0.9591836734693877,0.5340909090909091,0.6861313868613139,0.7927807486631016,"[[15, 2], [41, 47]]",0.09960722923278809,1.157985806465149,"[1.157985806465149, 0.8136063814163208, 0.8604559898376465, 0.6985749304294586, 0.7251719832420349, 0.5275052785873413, 0.4521661400794983, 0.49208463728427887, 0.5104470700025558, 0.40506862103939056, 0.3521040081977844, 0.3142321705818176, 0.22491779923439026, 0.22960472106933594, 0.19584380835294724, 0.1725880615413189, 0.16336683928966522, 0.13876193761825562, 0.1342199146747589, 0.09960722923278809]",8,16,"q_proj,v_proj",0.0001,20
clip,metal_nut,10,42,naive,20,95,12,83,0.5894736842105263,0.6937751004016064,0.9583333333333334,0.5542168674698795,0.7022900763358778,0.7570281124497992,"[[10, 2], [37, 46]]",0.051581653455893196,0.9873205820719401,"[0.9873205820719401, 0.6617674231529236, 0.5987174411614736, 0.6081226766109467, 0.5570342441399893, 0.5145488778750101, 0.43385817607243854, 0.46874065200487774, 0.3945075174172719, 0.3555213411649068, 0.31495609879493713, 0.29075583815574646, 0.2430248111486435, 0.18504107495148978, 0.15112072229385376, 0.14331185321013132, 0.10391997794310252, 0.09355323513348897, 0.06705933312575023, 0.051581653455893196]",8,16,"q_proj,v_proj",0.0001,20
clip,metal_nut,10,123,naive,20,95,12,83,0.5894736842105263,0.7294176706827309,0.9782608695652174,0.5421686746987951,0.6976744186046512,0.8433734939759036,"[[11, 1], [38, 45]]",0.07264377797643344,0.843209832906723,"[0.843209832906723, 0.6913245916366577, 0.5939012765884399, 0.5659591952959696, 0.521159291267395, 0.5011768539746603, 0.4823281466960907, 0.4360438783963521, 0.40980033079783124, 0.34246064225832623, 0.32622767984867096, 0.30499859650929767, 0.24471652011076608, 0.19971251984437308, 0.1603589653968811, 0.14087515572706857, 0.12187481423219045, 0.08539100736379623, 0.06961103652914365, 0.07264377797643344]",8,16,"q_proj,v_proj",0.0001,20
clip,metal_nut,10,456,naive,20,95,12,83,0.6736842105263158,0.7776104417670682,0.9814814814814815,0.6385542168674698,0.7737226277372263,0.8724899598393574,"[[11, 1], [30, 53]]",0.06589694693684578,1.0154299139976501,"[1.0154299139976501, 0.754095455010732, 0.6045655608177185, 0.711493174235026, 0.6601148645083109, 0.5905681252479553, 0.5086008310317993, 0.4692822794119517, 0.4733375509579976, 0.42090033491452533, 0.3948780298233032, 0.3297266662120819, 0.287478506565094, 0.26006313661734265, 0.20378100872039795, 0.170693705479304, 0.1312268227338791, 0.10919534663359325, 0.08573421090841293, 0.06589694693684578]",8,16,"q_proj,v_proj",0.0001,20
clip,pill,1,42,naive,2,165,25,140,0.7757575757575758,0.49,0.8456375838926175,0.9,0.8719723183391004,0.5634285714285714,"[[2, 23], [14, 126]]",0.04351199418306351,1.2146791219711304,"[1.2146791219711304, 1.035845160484314, 0.8539484739303589, 0.6793156266212463, 0.5237489342689514, 0.43250733613967896, 0.36943793296813965, 0.33719852566719055, 0.3032217025756836, 0.2601011395454407, 0.21597464382648468, 0.1766795665025711, 0.13790422677993774, 0.11454974114894867, 0.09254131466150284, 0.07673001289367676, 0.06449617445468903, 0.05659119039773941, 0.051249466836452484, 0.04351199418306351]",8,16,"q_proj,v_proj",0.0001,20
clip,pill,1,123,naive,2,165,25,140,0.42424242424242425,0.49642857142857144,0.8461538461538461,0.39285714285714285,0.5365853658536586,0.49771428571428566,"[[15, 10], [85, 55]]",0.04219383746385574,1.1729143857955933,"[1.1729143857955933, 0.9544235467910767, 0.7422071099281311, 0.5528335571289062, 0.4166407883167267, 0.3282850384712219, 0.2871144115924835, 0.2953304648399353, 0.27160346508026123, 0.25089889764785767, 0.1997874677181244, 0.17174558341503143, 0.1341875195503235, 0.09945067763328552, 0.08720630407333374, 0.0695435181260109, 0.060865454375743866, 0.05151098966598511, 0.047225095331668854, 0.04219383746385574]",8,16,"q_proj,v_proj",0.0001,20
clip,pill,1,456,naive,2,165,25,140,0.593939393939394,0.465,0.8348623853211009,0.65,0.7309236947791165,0.47657142857142853,"[[7, 18], [49, 91]]",0.021968211978673935,1.5591058731079102,"[1.5591058731079102, 1.3434889316558838, 1.124971866607666, 0.9295037388801575, 0.7220649123191833, 0.5553281307220459, 0.4321153163909912, 0.3520463705062866, 0.2665838301181793, 0.2057381123304367, 0.1573796570301056, 0.11977098882198334, 0.09340865910053253, 0.07454046607017517, 0.056516133248806, 0.04611435532569885, 0.03707083687186241, 0.03127172589302063, 0.026163024827837944, 0.021968211978673935]",8,16,"q_proj,v_proj",0.0001,20
clip,pill,5,42,naive,10,157,21,136,0.4012738853503185,0.5537464985994398,0.9038461538461539,0.34558823529411764,0.5,0.623249299719888,"[[16, 5], [89, 47]]",0.14564751833677292,1.2255910634994507,"[1.2255910634994507, 1.1830512881278992, 0.6974126100540161, 0.5462504327297211, 0.5474381148815155, 0.5556038469076157, 0.507149800658226, 0.7454192787408829, 0.5540224015712738, 0.3372209891676903, 0.29533516615629196, 0.3280169367790222, 0.3062985688447952, 0.23685212433338165, 0.27465997636318207, 0.250308096408844, 0.2945873737335205, 0.19198596477508545, 0.17635264247655869, 0.14564751833677292]",8,16,"q_proj,v_proj",0.0001,20
clip,pill,5,123,naive,10,157,21,136,0.5159235668789809,0.499124649859944,0.8658536585365854,0.5220588235294118,0.6513761467889908,0.5336134453781513,"[[10, 11], [65, 71]]",0.07801065780222416,1.3358591496944427,"[1.3358591496944427, 0.8313165903091431, 0.6295298337936401, 0.5073846280574799, 0.4219316691160202, 0.5910424143075943, 0.4840526580810547, 0.4675667881965637, 0.3538921922445297, 0.30074378103017807, 0.31689588725566864, 0.2867605537176132, 0.2122115045785904, 0.23232194781303406, 0.18082557618618011, 0.17165102064609528, 0.15404100716114044, 0.14067701995372772, 0.1034635603427887, 0.07801065780222416]",8,16,"q_proj,v_proj",0.0001,20
clip,pill,5,456,naive,10,157,21,136,0.42038216560509556,0.6050420168067226,0.9411764705882353,0.35294117647058826,0.5133689839572193,0.6488095238095238,"[[18, 3], [88, 48]]",0.1772221252322197,1.4176338911056519,"[1.4176338911056519, 1.1471758484840393, 0.8822135627269745, 0.7815258502960205, 0.769373744726181, 0.7462603151798248, 0.52086541056633, 0.5085820406675339, 0.4611126184463501, 0.4785638898611069, 0.45330050587654114, 0.40334829688072205, 0.4093579798936844, 0.27532079815864563, 0.24968738853931427, 0.3089723587036133, 0.2405983805656433, 0.23887324333190918, 0.22002483904361725, 0.1772221252322197]",8,16,"q_proj,v_proj",0.0001,20
clip,pill,10,42,naive,20,147,16,131,0.6394557823129252,0.6056774809160306,0.9239130434782609,0.648854961832061,0.7623318385650224,0.6960877862595419,"[[9, 7], [46, 85]]",0.11279842257499695,1.2306991815567017,"[1.2306991815567017, 0.8172490994135538, 0.6744408210118612, 0.637325127919515, 0.6645622253417969, 0.5725365877151489, 0.47225627303123474, 0.44954339663187665, 0.4118818938732147, 0.4146707355976105, 0.3654026885827382, 0.30756699045499164, 0.2742199699083964, 0.2520054479440053, 0.24072304864724478, 0.2068899323542913, 0.1794427434603373, 0.15774365762869516, 0.1293467034896215, 0.11279842257499695]",8,16,"q_proj,v_proj",0.0001,20
clip,pill,10,123,naive,20,147,16,131,0.4897959183673469,0.576574427480916,0.9242424242424242,0.46564885496183206,0.6192893401015228,0.5682251908396947,"[[11, 5], [70, 61]]",0.06761309752861659,1.1050350268681843,"[1.1050350268681843, 0.8581220308939616, 0.7367037534713745, 0.6102892160415649, 0.6395151217778524, 0.5832660992940267, 0.5140499075253805, 0.416229784488678, 0.4107540051142375, 0.370466947555542, 0.34879177808761597, 0.2982994665702184, 0.24653576811154684, 0.24692274630069733, 0.18111001451810202, 0.160999725262324, 0.13706344614426294, 0.08683979511260986, 0.06333543236056964, 0.06761309752861659]",8,16,"q_proj,v_proj",0.0001,20
clip,pill,10,456,naive,20,147,16,131,0.6122448979591837,0.6178435114503817,0.9302325581395349,0.6106870229007634,0.7373271889400922,0.6946564885496183,"[[10, 6], [51, 80]]",0.1509107450644175,1.2938456932703655,"[1.2938456932703655, 0.8211543162663778, 0.6231567362944285, 0.7589037815729777, 0.8306737343470255, 0.6299454967180887, 0.5772133767604828, 0.5473857323328654, 0.5041631559530894, 0.46637670199076336, 0.44391873478889465, 0.381653626759847, 0.3522426982720693, 0.31798283259073895, 0.29392863313357037, 0.25860215723514557, 0.23181213438510895, 0.2195185422897339, 0.18398796518643698, 0.1509107450644175]",8,16,"q_proj,v_proj",0.0001,20
clip,screw,1,42,naive,2,158,40,118,0.35443037974683544,0.551271186440678,0.9,0.15254237288135594,0.2608695652173913,0.5300847457627118,"[[38, 2], [100, 18]]",0.03747221454977989,0.5803327560424805,"[0.5803327560424805, 0.5230595469474792, 0.4683789014816284, 0.4152650535106659, 0.36987799406051636, 0.32602158188819885, 0.29250428080558777, 0.2557150721549988, 0.2221238613128662, 0.18715018033981323, 0.15643201768398285, 0.13148710131645203, 0.10994395613670349, 0.09024415165185928, 0.07605244219303131, 0.06592853367328644, 0.055941302329301834, 0.04898644983768463, 0.04393640160560608, 0.03747221454977989]",8,16,"q_proj,v_proj",0.0001,20
clip,screw,1,123,naive,2,158,40,118,0.6645569620253164,0.676271186440678,0.8651685393258427,0.652542372881356,0.7439613526570048,0.7074152542372882,"[[28, 12], [41, 77]]",0.0629536584019661,0.8767391443252563,"[0.8767391443252563, 0.8160386085510254, 0.7474657297134399, 0.6880582571029663, 0.6241844892501831, 0.566362738609314, 0.5100877285003662, 0.4539856016635895, 0.4074033498764038, 0.3621677756309509, 0.3156486749649048, 0.2634480595588684, 0.22276942431926727, 0.18902286887168884, 0.14710788428783417, 0.12416573613882065, 0.09981754422187805, 0.08333808183670044, 0.07524804770946503, 0.0629536584019661]",8,16,"q_proj,v_proj",0.0001,20
clip,screw,1,456,naive,2,158,40,118,0.47468354430379744,0.5408898305084746,0.7868852459016393,0.4067796610169492,0.5363128491620112,0.551271186440678,"[[27, 13], [70, 48]]",0.0354292169213295,0.6913471221923828,"[0.6913471221923828, 0.6284483671188354, 0.5603255033493042, 0.490333616733551, 0.43152278661727905, 0.36865234375, 0.3023211658000946, 0.2513672709465027, 0.2091195434331894, 0.18001234531402588, 0.14472681283950806, 0.11898519098758698, 0.09998736530542374, 0.08547669649124146, 0.06989723443984985, 0.060209400951862335, 0.052043113857507706, 0.04528260976076126, 0.04049773886799812, 0.0354292169213295]",8,16,"q_proj,v_proj",0.0001,20
clip,screw,5,42,naive,10,150,36,114,0.6333333333333333,0.7207602339181287,0.9402985074626866,0.5526315789473685,0.6961325966850829,0.7344054580896685,"[[32, 4], [51, 63]]",0.14121415466070175,0.6689748167991638,"[0.6689748167991638, 0.6035543978214264, 0.6127924621105194, 0.6454939842224121, 0.6159117817878723, 0.5597102046012878, 0.5505628883838654, 0.5373365879058838, 0.44282373785972595, 0.42862488329410553, 0.40641170740127563, 0.31942199915647507, 0.2544471248984337, 0.2575410008430481, 0.23203475028276443, 0.17251934856176376, 0.17814679443836212, 0.11843226477503777, 0.10582557693123817, 0.14121415466070175]",8,16,"q_proj,v_proj",0.0001,20
clip,screw,5,123,naive,10,150,36,114,0.7533333333333333,0.8092105263157894,0.963855421686747,0.7017543859649122,0.8121827411167513,0.8927875243664717,"[[33, 3], [34, 80]]",0.08754449710249901,0.6451608240604401,"[0.6451608240604401, 0.5652495622634888, 0.6274935603141785, 0.541061669588089, 0.508737176656723, 0.47857706248760223, 0.5596745610237122, 0.519396960735321, 0.40528684854507446, 0.3806798607110977, 0.3490702509880066, 0.2924017310142517, 0.2686885744333267, 0.23857326060533524, 0.24217382073402405, 0.1729196012020111, 0.20278053730726242, 0.15699364989995956, 0.09748432412743568, 0.08754449710249901]",8,16,"q_proj,v_proj",0.0001,20
clip,screw,5,456,naive,10,150,36,114,0.62,0.5599415204678362,0.7938144329896907,0.6754385964912281,0.7298578199052133,0.6481481481481481,"[[16, 20], [37, 77]]",0.030703761614859104,0.7261709570884705,"[0.7261709570884705, 0.5877076983451843, 0.5898309648036957, 0.48793405294418335, 0.42038917541503906, 0.34749043732881546, 0.39668774604797363, 0.3073780834674835, 0.35743318498134613, 0.20956513285636902, 0.1516183763742447, 0.12668679654598236, 0.10251941904425621, 0.09207488596439362, 0.07806818932294846, 0.07416365668177605, 0.07091481983661652, 0.04677661322057247, 0.03676146827638149, 0.030703761614859104]",8,16,"q_proj,v_proj",0.0001,20
clip,screw,10,42,naive,20,140,31,109,0.8142857142857143,0.8114826871855578,0.9368421052631579,0.8165137614678899,0.8725490196078431,0.8786623261319917,"[[25, 6], [20, 89]]",0.01504424245407184,0.6718040903409322,"[0.6718040903409322, 0.6776879628499349, 0.5877135793368021, 0.5739071865876516, 0.5173708895842234, 0.46721307436625165, 0.4029078185558319, 0.3640196720759074, 0.29004372159639996, 0.21760032077630362, 0.1614784523844719, 0.11400546878576279, 0.0850280225276947, 0.06128831083575884, 0.04472188651561737, 0.03184868519504865, 0.026261842499176662, 0.02082890768845876, 0.017522649839520454, 0.01504424245407184]",8,16,"q_proj,v_proj",0.0001,20
clip,screw,10,123,naive,20,140,31,109,0.9,0.9011541876294762,0.9702970297029703,0.8990825688073395,0.9333333333333333,0.9597514057413435,"[[28, 3], [11, 98]]",0.04137047380208969,0.7939683000246683,"[0.7939683000246683, 0.6921983957290649, 0.662833591302236, 0.665411114692688, 0.6223412950833639, 0.5714155634244283, 0.5330613553524017, 0.49495332439740497, 0.458615909020106, 0.41965141892433167, 0.3630145986874898, 0.30062541365623474, 0.2523232748111089, 0.20211227734883627, 0.1738832344611486, 0.12566746771335602, 0.11235722402731578, 0.06307718778649966, 0.06438212841749191, 0.04137047380208969]",8,16,"q_proj,v_proj",0.0001,20
clip,screw,10,456,naive,20,140,31,109,0.9428571428571428,0.9286771234092928,0.9719626168224299,0.9541284403669725,0.9629629629629629,0.9852027226990234,"[[28, 3], [5, 104]]",0.016442853957414627,0.6832561492919922,"[0.6832561492919922, 0.639568010965983, 0.5862549742062887, 0.5748549699783325, 0.5451430281003317, 0.5184476971626282, 0.44385095437367755, 0.4116351703802745, 0.37393829226493835, 0.3419097463289897, 0.25651784737904865, 0.23550603787104288, 0.16242345670859018, 0.127028060456117, 0.0833651398619016, 0.057006727904081345, 0.03901351119081179, 0.028277939185500145, 0.020469325905044872, 0.016442853957414627]",8,16,"q_proj,v_proj",0.0001,20
clip,tile,1,42,naive,2,115,32,83,0.7739130434782608,0.8433734939759037,1.0,0.6867469879518072,0.8142857142857143,0.9751506024096386,"[[32, 0], [26, 57]]",0.005482919048517942,0.5289279222488403,"[0.5289279222488403, 0.4157634675502777, 0.3111547529697418, 0.24100732803344727, 0.17648006975650787, 0.14236748218536377, 0.11556617170572281, 0.09631581604480743, 0.08421505242586136, 0.06447557359933853, 0.049649953842163086, 0.036982402205467224, 0.025765329599380493, 0.019903667271137238, 0.014919161796569824, 0.01178198866546154, 0.009226629510521889, 0.007615938782691956, 0.006691026501357555, 0.005482919048517942]",8,16,"q_proj,v_proj",0.0001,20
clip,tile,1,123,naive,2,115,32,83,0.5130434782608696,0.6626506024096386,1.0,0.3253012048192771,0.4909090909090909,0.9977409638554217,"[[32, 0], [56, 27]]",0.0036842706613242626,0.2915370762348175,"[0.2915370762348175, 0.1982925832271576, 0.1281856745481491, 0.08022061735391617, 0.05163915827870369, 0.03367391601204872, 0.02619052119553089, 0.02214418165385723, 0.019231798127293587, 0.018787097185850143, 0.015505840070545673, 0.014279689639806747, 0.01246023178100586, 0.010749503038823605, 0.009487707167863846, 0.007209692150354385, 0.006237974390387535, 0.00528905913233757, 0.004446796607226133, 0.0036842706613242626]",8,16,"q_proj,v_proj",0.0001,20
clip,tile,1,456,naive,2,115,32,83,0.8695652173913043,0.9096385542168675,1.0,0.8192771084337349,0.9006622516556292,0.9871987951807228,"[[32, 0], [15, 68]]",0.005091316066682339,0.5136496424674988,"[0.5136496424674988, 0.39700400829315186, 0.301042377948761, 0.2433042973279953, 0.18197539448738098, 0.15187716484069824, 0.12768518924713135, 0.11467951536178589, 0.0869520753622055, 0.06521791219711304, 0.04965335875749588, 0.03747790306806564, 0.026233576238155365, 0.02032056823372841, 0.013950476422905922, 0.011671354994177818, 0.00849992223083973, 0.006613733246922493, 0.005944868549704552, 0.005091316066682339]",8,16,"q_proj,v_proj",0.0001,20
clip,tile,5,42,naive,10,107,28,79,0.8691588785046729,0.9113924050632911,1.0,0.8227848101265823,0.9027777777777778,0.9977396021699819,"[[28, 0], [14, 65]]",0.030903002247214317,0.4948725998401642,"[0.4948725998401642, 0.4000543802976608, 0.3997696489095688, 0.2062055543065071, 0.216367669403553, 0.20171578973531723, 0.17173799872398376, 0.2010374516248703, 0.10962183028459549, 0.09503550454974174, 0.09235303103923798, 0.07997098192572594, 0.05412903614342213, 0.06977139413356781, 0.049297453835606575, 0.03735547512769699, 0.03569853492081165, 0.030540114268660545, 0.025284312665462494, 0.030903002247214317]",8,16,"q_proj,v_proj",0.0001,20
clip,tile,5,123,naive,10,107,28,79,0.9439252336448598,0.9620253164556962,1.0,0.9240506329113924,0.9605263157894737,1.0,"[[28, 0], [6, 73]]",0.012899124994874,0.7738857269287109,"[0.7738857269287109, 0.5464824140071869, 0.45204007625579834, 0.33569303154945374, 0.269890196621418, 0.29083335399627686, 0.2794772610068321, 0.2318825125694275, 0.13175999745726585, 0.09891380742192268, 0.09281323850154877, 0.07541407272219658, 0.05864449590444565, 0.04011775553226471, 0.0382455438375473, 0.02568757627159357, 0.023734656162559986, 0.017453025095164776, 0.015868806280195713, 0.012899124994874]",8,16,"q_proj,v_proj",0.0001,20
clip,tile,5,456,naive,10,107,28,79,0.8691588785046729,0.9113924050632911,1.0,0.8227848101265823,0.9027777777777778,1.0,"[[28, 0], [14, 65]]",0.014032780192792416,0.7522857785224915,"[0.7522857785224915, 0.46660615503787994, 0.42605656385421753, 0.3824910819530487, 0.31325049698352814, 0.26317813992500305, 0.18637315183877945, 0.15220416337251663, 0.16078943014144897, 0.12430978566408157, 0.09904950112104416, 0.07693120092153549, 0.06889299303293228, 0.05428016558289528, 0.0368293859064579, 0.032717849127948284, 0.02716031763702631, 0.023024230264127254, 0.022180700674653053, 0.014032780192792416]",8,16,"q_proj,v_proj",0.0001,20
clip,tile,10,42,naive,20,97,23,74,0.9072164948453608,0.9391891891891893,1.0,0.8783783783783784,0.935251798561151,0.9935370152761458,"[[23, 0], [9, 65]]",0.00365364543783168,0.4200550814469655,"[0.4200550814469655, 0.21580835183461508, 0.19546342889467874, 0.21814982096354166, 0.14631973455349603, 0.10574306299289067, 0.07842954993247986, 0.08119893446564674, 0.052899847428003945, 0.04032382989923159, 0.027496805414557457, 0.019146102480590343, 0.014800148550421, 0.011818593057493368, 0.009659060277044773, 0.0070138828208049135, 0.006732245286305745, 0.0053400030980507536, 0.004293325124308467, 0.00365364543783168]",8,16,"q_proj,v_proj",0.0001,20
clip,tile,10,123,naive,20,97,23,74,0.9278350515463918,0.9527027027027026,1.0,0.9054054054054054,0.950354609929078,1.0,"[[23, 0], [7, 67]]",0.002409669376599292,0.43461263676484424,"[0.43461263676484424, 0.2963024576505025, 0.23041955629984537, 0.1843692014614741, 0.1499298314253489, 0.11824080348014832, 0.09010869264602661, 0.06427038709322612, 0.04767237976193428, 0.036850313345591225, 0.026896802398065727, 0.0171410352922976, 0.013808120042085648, 0.009139806808282932, 0.007358692431201537, 0.005546912240485351, 0.0041940463706851006, 0.003221966791898012, 0.0029994388266156116, 0.002409669376599292]",8,16,"q_proj,v_proj",0.0001,20
clip,tile,10,456,naive,20,97,23,74,0.9484536082474226,0.9662162162162162,1.0,0.9324324324324325,0.965034965034965,0.9988249118683902,"[[23, 0], [5, 69]]",0.0038590011342118182,0.46645188331604004,"[0.46645188331604004, 0.2941143612066905, 0.254840224981308, 0.2971770167350769, 0.23463424543539682, 0.19162769615650177, 0.14618568619092306, 0.1157902330160141, 0.09361800303061803, 0.05578947812318802, 0.042848108957211174, 0.028155381480852764, 0.02415384476383527, 0.01668551315863927, 0.011686614093681177, 0.009403831946353117, 0.007288535746435325, 0.0055134437667826814, 0.00477356572325031, 0.0038590011342118182]",8,16,"q_proj,v_proj",0.0001,20
clip,toothbrush,1,42,naive,2,40,11,29,0.775,0.6755485893416928,0.8125,0.896551724137931,0.8524590163934426,0.6363636363636365,"[[5, 6], [3, 26]]",0.08704562485218048,1.2124366760253906,"[1.2124366760253906, 1.0512515306472778, 0.8679807782173157, 0.6896185874938965, 0.5086950063705444, 0.39222830533981323, 0.33611032366752625, 0.3120834231376648, 0.3132101595401764, 0.3116508722305298, 0.3018956780433655, 0.26868754625320435, 0.22534257173538208, 0.19990208745002747, 0.17199023067951202, 0.14206059277057648, 0.11941111087799072, 0.10689221322536469, 0.100844606757164, 0.08704562485218048]",8,16,"q_proj,v_proj",0.0001,20
clip,toothbrush,1,123,naive,2,40,11,29,0.475,0.6379310344827587,1.0,0.27586206896551724,0.43243243243243246,0.8495297805642633,"[[11, 0], [21, 8]]",0.10582905262708664,1.5317760705947876,"[1.5317760705947876, 1.3687437772750854, 1.180189847946167, 0.9693742394447327, 0.7575357556343079, 0.5276787281036377, 0.38941943645477295, 0.3189694285392761, 0.2909151017665863, 0.2957301735877991, 0.27852171659469604, 0.29162198305130005, 0.2751381993293762, 0.22812677919864655, 0.2291243076324463, 0.17175352573394775, 0.16724102199077606, 0.14109355211257935, 0.11976096034049988, 0.10582905262708664]",8,16,"q_proj,v_proj",0.0001,20
clip,toothbrush,1,456,naive,2,40,11,29,0.425,0.603448275862069,1.0,0.20689655172413793,0.34285714285714286,0.7272727272727273,"[[11, 0], [23, 6]]",0.10377761721611023,1.5082345008850098,"[1.5082345008850098, 1.3638551235198975, 1.203247308731079, 1.0551514625549316, 0.8534154891967773, 0.6815679669380188, 0.5164153575897217, 0.41555142402648926, 0.32831713557243347, 0.27356284856796265, 0.257855623960495, 0.26439109444618225, 0.264760822057724, 0.25649091601371765, 0.22596554458141327, 0.20549649000167847, 0.1695825457572937, 0.1454504132270813, 0.12337295711040497, 0.10377761721611023]",8,16,"q_proj,v_proj",0.0001,20
clip,toothbrush,5,42,naive,10,32,7,25,0.53125,0.6485714285714286,0.9166666666666666,0.44,0.5945945945945946,0.8057142857142857,"[[6, 1], [14, 11]]",0.31047390401363373,1.4223886132240295,"[1.4223886132240295, 1.4235262274742126, 0.9165307283401489, 0.6787269413471222, 0.5591615736484528, 0.594578891992569, 0.6236728131771088, 0.7052073180675507, 0.4727238714694977, 0.43986645340919495, 0.4334416091442108, 0.41771547496318817, 0.3931617736816406, 0.35997413098812103, 0.38126224279403687, 0.4017700254917145, 0.4451913982629776, 0.3174052834510803, 0.3101906329393387, 0.31047390401363373]",8,16,"q_proj,v_proj",0.0001,20
clip,toothbrush,5,123,naive,10,32,7,25,0.65625,0.5742857142857143,0.8181818181818182,0.72,0.7659574468085106,0.7142857142857143,"[[3, 4], [7, 18]]",0.21973644196987152,1.689563274383545,"[1.689563274383545, 0.9440283179283142, 0.7663476467132568, 0.5747914910316467, 0.4432872012257576, 0.5376076996326447, 0.6521239578723907, 0.5981677770614624, 0.48086637258529663, 0.42570486664772034, 0.4247218668460846, 0.4142596125602722, 0.33948007225990295, 0.3630431592464447, 0.30872078239917755, 0.28586122393608093, 0.28830380737781525, 0.23718702793121338, 0.2187243551015854, 0.21973644196987152]",8,16,"q_proj,v_proj",0.0001,20
clip,toothbrush,5,456,naive,10,32,7,25,0.65625,0.5742857142857143,0.8181818181818182,0.72,0.7659574468085106,0.6457142857142857,"[[3, 4], [7, 18]]",0.12123130261898041,1.277870774269104,"[1.277870774269104, 0.8484838306903839, 0.6603870689868927, 0.5489672720432281, 0.44875743985176086, 0.5912861526012421, 0.3964659869670868, 0.3772983103990555, 0.41316621005535126, 0.33831435441970825, 0.3617555946111679, 0.2937428653240204, 0.2784448117017746, 0.28053494542837143, 0.22614231705665588, 0.2439723238348961, 0.19581516832113266, 0.19570299237966537, 0.16780425608158112, 0.12123130261898041]",8,16,"q_proj,v_proj",0.0001,20
clip,toothbrush,10,42,naive,20,22,2,20,0.7272727272727273,0.85,1.0,0.7,0.8235294117647058,0.975,"[[2, 0], [6, 14]]",0.15900145967801413,1.3079273303349812,"[1.3079273303349812, 0.8420268694559733, 0.6240376631418864, 0.610137144724528, 0.666210929552714, 0.6148502628008524, 0.5115818083286285, 0.5150856773058573, 0.4708325465520223, 0.5200676421324412, 0.4660859803358714, 0.4086430569489797, 0.4193019966284434, 0.36746127406756085, 0.2966265877087911, 0.3077569405237834, 0.24327989419301352, 0.21545147399107614, 0.18471560378869376, 0.15900145967801413]",8,16,"q_proj,v_proj",0.0001,20
clip,toothbrush,10,123,naive,20,22,2,20,0.5,0.725,1.0,0.45,0.6206896551724138,1.0,"[[2, 0], [11, 9]]",0.13732368250687918,1.1285763184229534,"[1.1285763184229534, 0.851587692896525, 0.5435148278872172, 0.4658388594786326, 0.5588716665903727, 0.5198328495025635, 0.4661093056201935, 0.4131834805011749, 0.4078817069530487, 0.41770222783088684, 0.35470431049664813, 0.308912456035614, 0.27317769328753155, 0.3492783109347026, 0.27230570713679, 0.2322291135787964, 0.2414922962586085, 0.2010365972916285, 0.13764739781618118, 0.13732368250687918]",8,16,"q_proj,v_proj",0.0001,20
clip,toothbrush,10,456,naive,20,22,2,20,0.5909090909090909,0.55,0.9230769230769231,0.6,0.7272727272727273,0.525,"[[1, 1], [8, 12]]",0.10066848124066989,1.2037098010381062,"[1.2037098010381062, 0.8258699973424276, 0.4762852191925049, 0.5617291728655497, 0.6303942799568176, 0.5179421901702881, 0.4288585384686788, 0.3911258379618327, 0.3785773615042369, 0.39424018065134686, 0.351962149143219, 0.29889656106630963, 0.27522499362627667, 0.23606036603450775, 0.20295913517475128, 0.19743357598781586, 0.1644256462653478, 0.13256953408320746, 0.11844341705242793, 0.10066848124066989]",8,16,"q_proj,v_proj",0.0001,20
clip,transistor,1,42,naive,2,98,59,39,0.5816326530612245,0.6395045632333768,0.4864864864864865,0.9230769230769231,0.6371681415929203,0.7427205562798783,"[[21, 38], [3, 36]]",0.05147551745176315,1.2569421529769897,"[1.2569421529769897, 1.068480372428894, 0.8804895877838135, 0.7113882303237915, 0.5370187759399414, 0.4421932101249695, 0.3593069314956665, 0.32759058475494385, 0.30546504259109497, 0.2753066420555115, 0.23854631185531616, 0.19727405905723572, 0.1598706841468811, 0.13395386934280396, 0.11046482622623444, 0.09280182421207428, 0.07742346823215485, 0.07069368660449982, 0.061743415892124176, 0.05147551745176315]",8,16,"q_proj,v_proj",0.0001,20
clip,transistor,1,123,naive,2,98,59,39,0.42857142857142855,0.4906562364189483,0.3924050632911392,0.7948717948717948,0.5254237288135594,0.5423728813559323,"[[11, 48], [8, 31]]",0.08632633835077286,1.4009339809417725,"[1.4009339809417725, 1.177042007446289, 0.9499782919883728, 0.7285153865814209, 0.5770469307899475, 0.4642653465270996, 0.42474573850631714, 0.42843276262283325, 0.3905673921108246, 0.3757650852203369, 0.3179580569267273, 0.28007397055625916, 0.24117891490459442, 0.18308961391448975, 0.16776379942893982, 0.1315448135137558, 0.12194386124610901, 0.11057065427303314, 0.09926842153072357, 0.08632633835077286]",8,16,"q_proj,v_proj",0.0001,20
clip,transistor,1,456,naive,2,98,59,39,0.7244897959183674,0.6755758365927858,0.7727272727272727,0.4358974358974359,0.5573770491803278,0.7214254671881791,"[[54, 5], [22, 17]]",0.021791502833366394,1.0102367401123047,"[1.0102367401123047, 0.8264923691749573, 0.6445474028587341, 0.5121772885322571, 0.3791528344154358, 0.304643839597702, 0.2639974355697632, 0.24931678175926208, 0.21360887587070465, 0.1498541235923767, 0.12231192737817764, 0.10430534183979034, 0.08277492225170135, 0.06838525831699371, 0.04843123257160187, 0.04190757870674133, 0.03195764869451523, 0.026364929974079132, 0.023651670664548874, 0.021791502833366394]",8,16,"q_proj,v_proj",0.0001,20
clip,transistor,5,42,naive,10,90,55,35,0.7555555555555555,0.6857142857142857,1.0,0.37142857142857144,0.5416666666666666,0.7641558441558441,"[[55, 0], [22, 13]]",0.25110669434070587,1.2277374863624573,"[1.2277374863624573, 1.251453310251236, 0.6994239985942841, 0.8378522992134094, 0.7826387584209442, 0.6126904189586639, 0.609315037727356, 0.8029674142599106, 0.5773874819278717, 0.5174703598022461, 0.4318367689847946, 0.410139799118042, 0.3685871809720993, 0.34311528503894806, 0.3930531442165375, 0.4019532650709152, 0.3603959381580353, 0.3772139847278595, 0.24740499258041382, 0.25110669434070587]",8,16,"q_proj,v_proj",0.0001,20
clip,transistor,5,123,naive,10,90,55,35,0.6666666666666666,0.6233766233766234,0.6,0.42857142857142855,0.5,0.6789610389610391,"[[45, 10], [20, 15]]",0.08935042098164558,1.584763526916504,"[1.584763526916504, 1.03189817070961, 0.772574245929718, 0.5493913292884827, 0.4509614109992981, 0.5337875783443451, 0.5397228598594666, 0.5517588555812836, 0.41045092046260834, 0.3251171261072159, 0.3517832010984421, 0.27337974309921265, 0.21913518756628036, 0.24829500913619995, 0.1617082878947258, 0.1772499531507492, 0.17064258456230164, 0.15760138258337975, 0.10116288810968399, 0.08935042098164558]",8,16,"q_proj,v_proj",0.0001,20
clip,transistor,5,456,naive,10,90,55,35,0.6777777777777778,0.6168831168831168,0.6666666666666666,0.34285714285714286,0.4528301886792453,0.6981818181818181,"[[49, 6], [23, 12]]",0.07924601808190346,0.9575228095054626,"[0.9575228095054626, 0.7714489102363586, 0.5274497866630554, 0.6049892604351044, 0.5253351926803589, 0.4636961370706558, 0.38886865973472595, 0.3795088082551956, 0.28648584336042404, 0.29909615218639374, 0.2637486457824707, 0.2515019476413727, 0.22327658534049988, 0.14698700606822968, 0.12523896992206573, 0.14249476790428162, 0.15167570114135742, 0.11405449360609055, 0.10571636259555817, 0.07924601808190346]",8,16,"q_proj,v_proj",0.0001,20
clip,transistor,10,42,naive,20,80,50,30,0.8375,0.8233333333333334,0.7931034482758621,0.7666666666666667,0.7796610169491526,0.8393333333333333,"[[44, 6], [7, 23]]",0.16091583172480264,1.2960478862126668,"[1.2960478862126668, 0.8603213628133138, 0.7236514488855997, 0.6812116702397665, 0.7455516954263052, 0.678455630938212, 0.5667879184087118, 0.5667973756790161, 0.5116579929987589, 0.4803069631258647, 0.44061534603436786, 0.3950375219186147, 0.35132404168446857, 0.3324848810831706, 0.3153561055660248, 0.27411020795504254, 0.2633843223253886, 0.220181738336881, 0.18363347152868906, 0.16091583172480264]",8,16,"q_proj,v_proj",0.0001,20
clip,transistor,10,123,naive,20,80,50,30,0.7375,0.6566666666666666,0.9090909090909091,0.3333333333333333,0.4878048780487805,0.816,"[[49, 1], [20, 10]]",0.08408266305923462,1.1772603690624237,"[1.1772603690624237, 0.9033016363779703, 0.6538636485735575, 0.5077547629674276, 0.5283489425977071, 0.49711914857228595, 0.4673232138156891, 0.40919065475463867, 0.3902093668778737, 0.33564343055089313, 0.3224528630574544, 0.27639760573705036, 0.23911004761854807, 0.23708980778853098, 0.2042138079802195, 0.17496058344841003, 0.16049176454544067, 0.11761331558227539, 0.09645344316959381, 0.08408266305923462]",8,16,"q_proj,v_proj",0.0001,20
clip,transistor,10,456,naive,20,80,50,30,0.75,0.7066666666666667,0.7272727272727273,0.5333333333333333,0.6153846153846154,0.8099999999999999,"[[44, 6], [14, 16]]",0.05642580861846606,0.9868415792783102,"[0.9868415792783102, 0.6442931890487671, 0.4906667272249858, 0.6069431304931641, 0.6111992100874583, 0.47123414278030396, 0.4330383737881978, 0.3654916286468506, 0.35310853521029156, 0.306818147500356, 0.27405816813309986, 0.24674932658672333, 0.2351830154657364, 0.2035213311513265, 0.15457484622796377, 0.12652536729971567, 0.10733438779910405, 0.08422737941145897, 0.07171188294887543, 0.05642580861846606]",8,16,"q_proj,v_proj",0.0001,20
clip,wood,1,42,naive,2,77,18,59,0.6233766233766234,0.7542372881355932,1.0,0.5084745762711864,0.6741573033707865,0.9887005649717514,"[[18, 0], [29, 30]]",0.006106609478592873,0.38958755135536194,"[0.38958755135536194, 0.34282732009887695, 0.295401930809021, 0.2531973719596863, 0.20598801970481873, 0.17089338600635529, 0.12713909149169922, 0.1018257886171341, 0.08056850731372833, 0.05901431292295456, 0.046771492809057236, 0.03650848567485809, 0.026306821033358574, 0.02022470533847809, 0.01568782702088356, 0.012269796803593636, 0.009733254089951515, 0.008267197757959366, 0.007053759414702654, 0.006106609478592873]",8,16,"q_proj,v_proj",0.0001,20
clip,wood,1,123,naive,2,77,18,59,0.8311688311688312,0.8898305084745763,1.0,0.7796610169491526,0.8761904761904762,0.9971751412429379,"[[18, 0], [13, 46]]",0.01406225748360157,0.7149004936218262,"[0.7149004936218262, 0.6320843696594238, 0.5427389144897461, 0.46855586767196655, 0.3900708556175232, 0.33056503534317017, 0.2799833416938782, 0.2320818305015564, 0.18871930241584778, 0.15705709159374237, 0.12384214997291565, 0.09654572606086731, 0.07374868541955948, 0.05831221491098404, 0.04348508641123772, 0.033477846533060074, 0.02522776462137699, 0.020287789404392242, 0.017682332545518875, 0.01406225748360157]",8,16,"q_proj,v_proj",0.0001,20
clip,wood,1,456,naive,2,77,18,59,0.8051948051948052,0.8728813559322034,1.0,0.7457627118644068,0.8543689320388349,0.9858757062146892,"[[18, 0], [15, 44]]",0.007228386588394642,0.3964412212371826,"[0.3964412212371826, 0.34711754322052, 0.29679492115974426, 0.25423386693000793, 0.2054525911808014, 0.16735678911209106, 0.13007883727550507, 0.1075226366519928, 0.07960378378629684, 0.06242137774825096, 0.045459624379873276, 0.03391941264271736, 0.026301180943846703, 0.021476931869983673, 0.016163788735866547, 0.013855915516614914, 0.011344432830810547, 0.009552184492349625, 0.008230652660131454, 0.007228386588394642]",8,16,"q_proj,v_proj",0.0001,20
clip,wood,5,42,naive,10,69,14,55,0.855072463768116,0.9090909090909092,1.0,0.8181818181818182,0.9,1.0,"[[14, 0], [10, 45]]",0.009490948170423508,0.5466986298561096,"[0.5466986298561096, 0.458432137966156, 0.3244629204273224, 0.3083612620830536, 0.2619103118777275, 0.21688515692949295, 0.17317673563957214, 0.19803941994905472, 0.15542356669902802, 0.07774163782596588, 0.05725550651550293, 0.05754416063427925, 0.04415963590145111, 0.026610623113811016, 0.030287149362266064, 0.0225323885679245, 0.01904100365936756, 0.01575637236237526, 0.013291766867041588, 0.009490948170423508]",8,16,"q_proj,v_proj",0.0001,20
clip,wood,5,123,naive,10,69,14,55,0.9130434782608695,0.9454545454545454,1.0,0.8909090909090909,0.9423076923076923,1.0,"[[14, 0], [6, 49]]",0.007360229967162013,0.4591005891561508,"[0.4591005891561508, 0.31543320417404175, 0.28420862555503845, 0.20989809930324554, 0.1701287031173706, 0.20499538630247116, 0.10278529301285744, 0.08077071607112885, 0.05667351931333542, 0.04774702899158001, 0.04824995622038841, 0.0298872422426939, 0.023514972999691963, 0.027548862621188164, 0.019618633203208447, 0.018416903913021088, 0.012627846095710993, 0.014960560947656631, 0.007910218089818954, 0.007360229967162013]",8,16,"q_proj,v_proj",0.0001,20
clip,wood,5,456,naive,10,69,14,55,0.7536231884057971,0.8454545454545455,1.0,0.6909090909090909,0.8172043010752689,1.0,"[[14, 0], [17, 38]]",0.004734020447358489,0.4874967932701111,"[0.4874967932701111, 0.3792290538549423, 0.32845066487789154, 0.18666602298617363, 0.18575822561979294, 0.12219695746898651, 0.1411096602678299, 0.10165227949619293, 0.07884212210774422, 0.04441767558455467, 0.027141854166984558, 0.02571773435920477, 0.016836187802255154, 0.01473222766071558, 0.011930657550692558, 0.011185582727193832, 0.011397491674870253, 0.008615439292043447, 0.005716023733839393, 0.004734020447358489]",8,16,"q_proj,v_proj",0.0001,20
clip,wood,10,42,naive,20,59,9,50,0.9491525423728814,0.97,1.0,0.94,0.9690721649484536,1.0,"[[9, 0], [3, 47]]",0.003658093356837829,0.44303518533706665,"[0.44303518533706665, 0.36546271046002704, 0.29250691334406537, 0.24428480863571167, 0.2009240835905075, 0.15366293489933014, 0.09547996520996094, 0.07516135275363922, 0.04945904761552811, 0.03178175538778305, 0.020085558916131657, 0.015218432371815046, 0.012090094077090422, 0.009856131859123707, 0.008239333207408587, 0.006694612403710683, 0.005887179325024287, 0.004719183004150788, 0.004076594254001975, 0.003658093356837829]",8,16,"q_proj,v_proj",0.0001,20
clip,wood,10,123,naive,20,59,9,50,0.9661016949152542,0.98,1.0,0.96,0.9795918367346939,1.0,"[[9, 0], [2, 48]]",0.0034144329062352576,0.44289185603459674,"[0.44289185603459674, 0.35655898849169415, 0.30513330300649005, 0.2541310240825017, 0.19997276365756989, 0.1296417092283567, 0.0801547144850095, 0.05145166565974554, 0.031066494683424633, 0.021838117390871048, 0.015666401324172814, 0.01173038330549995, 0.009336447653671106, 0.007370967573175828, 0.006117397531246145, 0.005719544366002083, 0.004393047032256921, 0.0037612786206106343, 0.003389196159938971, 0.0034144329062352576]",8,16,"q_proj,v_proj",0.0001,20
clip,wood,10,456,naive,20,59,9,50,0.8983050847457628,0.94,1.0,0.88,0.9361702127659575,1.0,"[[9, 0], [6, 44]]",0.003789790440350771,0.4028151035308838,"[0.4028151035308838, 0.2954236567020416, 0.20233361423015594, 0.14765462279319763, 0.10598049809535344, 0.06207131346066793, 0.040293704718351364, 0.02954064930478732, 0.021105310258766014, 0.016092903601626556, 0.012333055026829243, 0.009788227578004202, 0.008227408242722353, 0.006808132554093997, 0.005821536915997664, 0.005493332631886005, 0.00476432607198755, 0.004621609424551328, 0.004133585374802351, 0.003789790440350771]",8,16,"q_proj,v_proj",0.0001,20
clip,zipper,1,42,naive,2,149,31,118,0.2751677852348993,0.5423728813559322,1.0,0.0847457627118644,0.15625,0.918534718425369,"[[31, 0], [108, 10]]",0.01919178105890751,0.5906497836112976,"[0.5906497836112976, 0.5342410206794739, 0.4825080633163452, 0.43093496561050415, 0.38350874185562134, 0.34058678150177, 0.296930730342865, 0.2556944489479065, 0.21447190642356873, 0.17439867556095123, 0.13908164203166962, 0.11685049533843994, 0.08773645758628845, 0.06778809428215027, 0.05311184376478195, 0.04173258692026138, 0.033571064472198486, 0.02728176862001419, 0.024211019277572632, 0.01919178105890751]",8,16,"q_proj,v_proj",0.0001,20
clip,zipper,1,123,naive,2,149,31,118,0.30201342281879195,0.5474302897758339,0.9375,0.1271186440677966,0.22388059701492538,0.8603061782394751,"[[30, 1], [103, 15]]",0.01999077759683132,0.5397359132766724,"[0.5397359132766724, 0.4895608723163605, 0.4365718960762024, 0.39206522703170776, 0.33598601818084717, 0.2947743535041809, 0.2525595426559448, 0.216671884059906, 0.17954836785793304, 0.15355420112609863, 0.12296467274427414, 0.09892293810844421, 0.07805198431015015, 0.06382213532924652, 0.05141114816069603, 0.040781378746032715, 0.03275906667113304, 0.02667742595076561, 0.02343122474849224, 0.01999077759683132]",8,16,"q_proj,v_proj",0.0001,20
clip,zipper,1,456,naive,2,149,31,118,0.7718120805369127,0.7370147621651175,0.9038461538461539,0.7966101694915254,0.8468468468468469,0.810005467468562,"[[21, 10], [24, 94]]",0.06533509492874146,0.7747260332107544,"[0.7747260332107544, 0.7311170101165771, 0.6813694834709167, 0.6338063478469849, 0.5922915935516357, 0.5502550005912781, 0.5028553009033203, 0.45675525069236755, 0.42148876190185547, 0.37981098890304565, 0.33297210931777954, 0.2960582971572876, 0.2548786401748657, 0.22673135995864868, 0.18229041993618011, 0.1567998230457306, 0.12689059972763062, 0.1029461920261383, 0.08360080420970917, 0.06533509492874146]",8,16,"q_proj,v_proj",0.0001,20
clip,zipper,5,42,naive,10,141,27,114,0.7375886524822695,0.8094541910331384,0.9753086419753086,0.6929824561403509,0.8102564102564103,0.9165042235217673,"[[25, 2], [35, 79]]",0.022414124570786953,0.5262016654014587,"[0.5262016654014587, 0.49883055686950684, 0.4707440435886383, 0.43554767966270447, 0.4603903293609619, 0.3985641151666641, 0.3674296736717224, 0.3677256405353546, 0.3068985939025879, 0.27641576528549194, 0.23573872447013855, 0.19159631431102753, 0.17964528501033783, 0.12282010912895203, 0.10415275394916534, 0.07461119443178177, 0.05407624691724777, 0.048094138503074646, 0.030268847942352295, 0.022414124570786953]",8,16,"q_proj,v_proj",0.0001,20
clip,zipper,5,123,naive,10,141,27,114,0.6524822695035462,0.75682261208577,0.9710144927536232,0.5877192982456141,0.73224043715847,0.9220272904483431,"[[25, 2], [47, 67]]",0.1565513089299202,0.7666540741920471,"[0.7666540741920471, 0.5968665480613708, 0.6441473662853241, 0.5944537222385406, 0.5139563679695129, 0.5879589021205902, 0.5295832753181458, 0.5189448595046997, 0.5000762045383453, 0.4614110141992569, 0.4576292634010315, 0.4171322137117386, 0.40077532827854156, 0.35747967660427094, 0.3964456617832184, 0.2892023026943207, 0.2964761257171631, 0.2652903199195862, 0.2202816754579544, 0.1565513089299202]",8,16,"q_proj,v_proj",0.0001,20
clip,zipper,5,456,naive,10,141,27,114,0.7375886524822695,0.767056530214425,0.9425287356321839,0.7192982456140351,0.8159203980099502,0.8460038986354776,"[[22, 5], [32, 82]]",0.0997984167188406,0.681335985660553,"[0.681335985660553, 0.6103736460208893, 0.5788600146770477, 0.5271337032318115, 0.5061783492565155, 0.4490160644054413, 0.4683289974927902, 0.4189266860485077, 0.3687978535890579, 0.30137506127357483, 0.3021458387374878, 0.2350461781024933, 0.2996779978275299, 0.16166885942220688, 0.13459757156670094, 0.19246401637792587, 0.1664680503308773, 0.12656687945127487, 0.06460866518318653, 0.0997984167188406]",8,16,"q_proj,v_proj",0.0001,20
clip,zipper,10,42,naive,20,131,22,109,0.6793893129770993,0.8073394495412844,1.0,0.6146788990825688,0.7613636363636364,0.9603836530442035,"[[22, 0], [42, 67]]",0.004969055609156688,0.6440437237421671,"[0.6440437237421671, 0.6191579898198446, 0.5612646142641703, 0.5426299770673116, 0.48513378699620563, 0.4340410033861796, 0.35988864302635193, 0.3584069808324178, 0.2672686129808426, 0.22692358493804932, 0.1514486918846766, 0.11546383301417033, 0.07242800295352936, 0.045669340838988624, 0.030378522351384163, 0.016475523511568706, 0.011758557831247648, 0.008692802550892035, 0.007423479730884234, 0.004969055609156688]",8,16,"q_proj,v_proj",0.0001,20
clip,zipper,10,123,naive,20,131,22,109,0.8854961832061069,0.9130525437864887,0.9895833333333334,0.8715596330275229,0.926829268292683,0.981651376146789,"[[21, 1], [14, 95]]",0.014129312088092169,0.6714806954065958,"[0.6714806954065958, 0.5782926281293234, 0.5494768818219503, 0.5526299178600311, 0.4826872646808624, 0.44265588124593097, 0.4352889557679494, 0.4033288359642029, 0.3437460958957672, 0.2942400872707367, 0.2387615293264389, 0.20635975897312164, 0.16057020674149194, 0.10085560629765193, 0.07147243743141492, 0.05198465287685394, 0.03603294864296913, 0.023044764685134094, 0.01889706961810589, 0.014129312088092169]",8,16,"q_proj,v_proj",0.0001,20
clip,zipper,10,456,naive,20,131,22,109,0.8091603053435115,0.8309007506255213,0.9666666666666667,0.7981651376146789,0.8743718592964824,0.9053377814845704,"[[19, 3], [22, 87]]",0.008218576821188131,0.6908241907755533,"[0.6908241907755533, 0.6204944650332133, 0.5682616829872131, 0.5429979165395101, 0.5436114271481832, 0.4884871244430542, 0.4362303912639618, 0.40086450179417926, 0.36012720068295795, 0.2878197928269704, 0.24299254516760507, 0.17023159315188727, 0.13505151371161142, 0.09117374569177628, 0.06206021582086881, 0.03749243852992853, 0.025933009882767994, 0.0160761841883262, 0.012333312382300695, 0.008218576821188131]",8,16,"q_proj,v_proj",0.0001,20
